applicant,job,accepted
Andi Santoso,job_3,0
Andi Santoso,job_9,0
Andi Wibowo,job_5,1
Andi Wibowo,job_1,0
Andi Utami,job_4,0
Andi Utami,job_0,1
Andi Saputra,job_4,0
Andi Saputra,job_7,0
Andi Wijaya,job_3,0
Andi Wijaya,job_1,0
Andi Halim,job_0,1
Andi Halim,job_7,1
Andi Ramadhan,job_3,0
Andi Ramadhan,job_7,0
Andi Hernawan,job_8,1
Andi Hernawan,job_4,0
Andi Fauzi,job_7,1
Andi Fauzi,job_1,1
Andi Permata,job_1,1
Andi Permata,job_6,1
Andi Suryanto,job_7,0
Andi Suryanto,job_6,0
Andi Prabowo,job_0,0
Andi Prabowo,job_9,0
Andi Sihombing,job_4,0
Andi Sihombing,job_9,1
Andi Gunawan,job_4,0
Andi Gunawan,job_0,0
Andi Lestari,job_3,0
Andi Lestari,job_9,0
Andi Nugroho,job_0,1
Andi Nugroho,job_6,0
Andi Siregar,job_3,1
Andi Siregar,job_0,1
Andi Yulianto,job_5,0
Andi Yulianto,job_7,1
Andi Kusuma,job_5,0
Andi Kusuma,job_9,1
Andi Hidayat,job_5,1
Andi Hidayat,job_9,0
Andi Purnama,job_5,0
Andi Purnama,job_7,0
Andi aditya,job_2,0
Andi aditya,job_7,1
Andi Prasetyo,job_6,0
Andi Prasetyo,job_1,0
Andi Sutrisno,job_5,0
Andi Sutrisno,job_9,0
Andi Wulandari,job_8,0
Andi Wulandari,job_2,1
Andi Siregar,job_2,0
Andi Siregar,job_5,0
Andi Haryanto,job_2,0
Andi Haryanto,job_9,0
Andi Larasati,job_6,0
Andi Larasati,job_1,0
Andi Prabuwono,job_8,1
Andi Prabuwono,job_9,1
Andi Kurniawan,job_0,0
Andi Kurniawan,job_4,0
Andi Sukmawati,job_2,0
Andi Sukmawati,job_3,0
Andi Wicaksono,job_7,1
Andi Wicaksono,job_1,0
Andi Sutanto,job_5,0
Andi Sutanto,job_8,0
Andi Wicaksono,job_6,0
Andi Wicaksono,job_3,0
Andi Prabowo,job_1,0
Andi Prabowo,job_3,1
Andi Haryanto,job_3,0
Andi Haryanto,job_0,0
Andi Lestari,job_1,1
Andi Lestari,job_7,1
Andi Nugroho,job_4,0
Andi Nugroho,job_3,1
Andi Siregar,job_3,1
Andi Siregar,job_8,0
Andi Yulianto,job_3,1
Andi Yulianto,job_0,1
Andi Kusuma,job_3,0
Andi Kusuma,job_2,0
Andi Hidayat,job_1,1
Andi Hidayat,job_4,1
Andi Purnama,job_5,1
Andi Purnama,job_6,0
Budi Santoso,job_5,1
Budi Santoso,job_6,1
Budi Wibowo,job_9,0
Budi Wibowo,job_7,1
Budi Utami,job_7,1
Budi Utami,job_0,1
Budi Saputra,job_4,0
Budi Saputra,job_7,1
Budi Wijaya,job_8,1
Budi Wijaya,job_1,1
Budi Halim,job_5,0
Budi Halim,job_7,1
Budi Ramadhan,job_7,0
Budi Ramadhan,job_1,1
Budi Hernawan,job_1,1
Budi Hernawan,job_3,0
Budi Fauzi,job_1,1
Budi Fauzi,job_7,1
Budi Permata,job_9,1
Budi Permata,job_7,1
Budi Suryanto,job_7,0
Budi Suryanto,job_3,1
Budi Prabowo,job_2,0
Budi Prabowo,job_0,0
Budi Sihombing,job_8,0
Budi Sihombing,job_2,0
Budi Gunawan,job_6,0
Budi Gunawan,job_8,1
Budi Lestari,job_9,0
Budi Lestari,job_1,0
Budi Nugroho,job_7,0
Budi Nugroho,job_4,1
Budi Siregar,job_9,1
Budi Siregar,job_5,1
Budi Yulianto,job_1,1
Budi Yulianto,job_3,1
Budi Kusuma,job_6,0
Budi Kusuma,job_2,1
Budi Hidayat,job_2,1
Budi Hidayat,job_3,0
Budi Purnama,job_7,1
Budi Purnama,job_3,0
Budi aditya,job_1,1
Budi aditya,job_9,1
Budi Prasetyo,job_9,0
Budi Prasetyo,job_0,1
Budi Sutrisno,job_6,0
Budi Sutrisno,job_0,0
Budi Wulandari,job_5,1
Budi Wulandari,job_8,0
Budi Siregar,job_4,1
Budi Siregar,job_6,1
Budi Haryanto,job_1,1
Budi Haryanto,job_9,0
Budi Larasati,job_5,0
Budi Larasati,job_7,0
Budi Prabuwono,job_2,1
Budi Prabuwono,job_1,1
Budi Kurniawan,job_2,0
Budi Kurniawan,job_3,0
Budi Sukmawati,job_5,1
Budi Sukmawati,job_8,1
Budi Wicaksono,job_2,1
Budi Wicaksono,job_6,1
Budi Sutanto,job_3,1
Budi Sutanto,job_2,0
Budi Wicaksono,job_6,1
Budi Wicaksono,job_0,1
Budi Prabowo,job_0,0
Budi Prabowo,job_1,1
Budi Haryanto,job_8,1
Budi Haryanto,job_0,0
Budi Lestari,job_5,0
Budi Lestari,job_3,0
Budi Nugroho,job_3,1
Budi Nugroho,job_7,1
Budi Siregar,job_2,1
Budi Siregar,job_6,0
Budi Yulianto,job_1,0
Budi Yulianto,job_2,0
Budi Kusuma,job_2,1
Budi Kusuma,job_1,0
Budi Hidayat,job_1,1
Budi Hidayat,job_2,0
Budi Purnama,job_5,0
Budi Purnama,job_3,1
Citra Santoso,job_6,0
Citra Santoso,job_0,0
Citra Wibowo,job_0,1
Citra Wibowo,job_3,0
Citra Utami,job_6,0
Citra Utami,job_7,0
Citra Saputra,job_2,0
Citra Saputra,job_7,0
Citra Wijaya,job_6,1
Citra Wijaya,job_2,0
Citra Halim,job_7,1
Citra Halim,job_1,1
Citra Ramadhan,job_1,1
Citra Ramadhan,job_8,0
Citra Hernawan,job_2,1
Citra Hernawan,job_0,1
Citra Fauzi,job_7,1
Citra Fauzi,job_5,0
Citra Permata,job_5,0
Citra Permata,job_4,1
Citra Suryanto,job_7,0
Citra Suryanto,job_6,0
Citra Prabowo,job_9,0
Citra Prabowo,job_8,0
Citra Sihombing,job_9,1
Citra Sihombing,job_2,1
Citra Gunawan,job_7,0
Citra Gunawan,job_5,0
Citra Lestari,job_1,0
Citra Lestari,job_4,0
Citra Nugroho,job_4,1
Citra Nugroho,job_8,0
Citra Siregar,job_5,0
Citra Siregar,job_3,1
Citra Yulianto,job_4,0
Citra Yulianto,job_3,1
Citra Kusuma,job_6,1
Citra Kusuma,job_4,0
Citra Hidayat,job_3,0
Citra Hidayat,job_2,0
Citra Purnama,job_3,0
Citra Purnama,job_5,1
Citra aditya,job_3,0
Citra aditya,job_7,1
Citra Prasetyo,job_4,1
Citra Prasetyo,job_3,0
Citra Sutrisno,job_5,0
Citra Sutrisno,job_2,0
Citra Wulandari,job_5,1
Citra Wulandari,job_3,0
Citra Siregar,job_9,0
Citra Siregar,job_7,1
Citra Haryanto,job_9,1
Citra Haryanto,job_1,0
Citra Larasati,job_8,1
Citra Larasati,job_6,1
Citra Prabuwono,job_4,0
Citra Prabuwono,job_7,0
Citra Kurniawan,job_9,0
Citra Kurniawan,job_4,0
Citra Sukmawati,job_4,0
Citra Sukmawati,job_0,0
Citra Wicaksono,job_7,1
Citra Wicaksono,job_1,1
Citra Sutanto,job_1,1
Citra Sutanto,job_2,1
Citra Wicaksono,job_0,0
Citra Wicaksono,job_9,1
Citra Prabowo,job_8,1
Citra Prabowo,job_9,0
Citra Haryanto,job_6,1
Citra Haryanto,job_3,0
Citra Lestari,job_0,1
Citra Lestari,job_9,0
Citra Nugroho,job_4,1
Citra Nugroho,job_9,1
Citra Siregar,job_9,0
Citra Siregar,job_4,1
Citra Yulianto,job_3,1
Citra Yulianto,job_2,1
Citra Kusuma,job_3,0
Citra Kusuma,job_2,0
Citra Hidayat,job_3,0
Citra Hidayat,job_8,0
Citra Purnama,job_1,0
Citra Purnama,job_4,1
Dewi Santoso,job_3,1
Dewi Santoso,job_6,0
Dewi Wibowo,job_2,0
Dewi Wibowo,job_9,1
Dewi Utami,job_0,0
Dewi Utami,job_3,1
Dewi Saputra,job_9,0
Dewi Saputra,job_6,1
Dewi Wijaya,job_1,0
Dewi Wijaya,job_6,1
Dewi Halim,job_6,1
Dewi Halim,job_9,0
Dewi Ramadhan,job_3,0
Dewi Ramadhan,job_7,0
Dewi Hernawan,job_5,1
Dewi Hernawan,job_9,1
Dewi Fauzi,job_6,0
Dewi Fauzi,job_7,1
Dewi Permata,job_1,1
Dewi Permata,job_6,0
Dewi Suryanto,job_3,1
Dewi Suryanto,job_5,1
Dewi Prabowo,job_4,1
Dewi Prabowo,job_3,0
Dewi Sihombing,job_0,0
Dewi Sihombing,job_3,1
Dewi Gunawan,job_0,0
Dewi Gunawan,job_6,1
Dewi Lestari,job_0,1
Dewi Lestari,job_7,1
Dewi Nugroho,job_6,1
Dewi Nugroho,job_1,1
Dewi Siregar,job_4,0
Dewi Siregar,job_5,1
Dewi Yulianto,job_2,1
Dewi Yulianto,job_9,1
Dewi Kusuma,job_8,0
Dewi Kusuma,job_9,0
Dewi Hidayat,job_6,1
Dewi Hidayat,job_5,1
Dewi Purnama,job_2,0
Dewi Purnama,job_1,0
Dewi aditya,job_4,0
Dewi aditya,job_1,1
Dewi Prasetyo,job_2,1
Dewi Prasetyo,job_4,1
Dewi Sutrisno,job_2,0
Dewi Sutrisno,job_3,1
Dewi Wulandari,job_1,0
Dewi Wulandari,job_3,0
Dewi Siregar,job_9,1
Dewi Siregar,job_2,1
Dewi Haryanto,job_6,1
Dewi Haryanto,job_2,0
Dewi Larasati,job_3,1
Dewi Larasati,job_1,1
Dewi Prabuwono,job_2,1
Dewi Prabuwono,job_8,1
Dewi Kurniawan,job_5,1
Dewi Kurniawan,job_2,0
Dewi Sukmawati,job_3,1
Dewi Sukmawati,job_0,1
Dewi Wicaksono,job_4,0
Dewi Wicaksono,job_8,1
Dewi Sutanto,job_0,1
Dewi Sutanto,job_6,1
Dewi Wicaksono,job_2,1
Dewi Wicaksono,job_9,0
Dewi Prabowo,job_5,1
Dewi Prabowo,job_4,1
Dewi Haryanto,job_1,1
Dewi Haryanto,job_3,0
Dewi Lestari,job_0,0
Dewi Lestari,job_1,1
Dewi Nugroho,job_4,0
Dewi Nugroho,job_7,0
Dewi Siregar,job_6,1
Dewi Siregar,job_8,1
Dewi Yulianto,job_8,0
Dewi Yulianto,job_7,0
Dewi Kusuma,job_5,0
Dewi Kusuma,job_6,1
Dewi Hidayat,job_6,0
Dewi Hidayat,job_2,0
Dewi Purnama,job_0,1
Dewi Purnama,job_3,0
Eka Santoso,job_4,0
Eka Santoso,job_1,0
Eka Wibowo,job_6,1
Eka Wibowo,job_4,1
Eka Utami,job_3,1
Eka Utami,job_0,0
Eka Saputra,job_2,0
Eka Saputra,job_7,0
Eka Wijaya,job_2,1
Eka Wijaya,job_4,1
Eka Halim,job_3,1
Eka Halim,job_7,1
Eka Ramadhan,job_7,0
Eka Ramadhan,job_5,0
Eka Hernawan,job_6,1
Eka Hernawan,job_0,1
Eka Fauzi,job_1,1
Eka Fauzi,job_4,1
Eka Permata,job_6,1
Eka Permata,job_9,1
Eka Suryanto,job_8,0
Eka Suryanto,job_9,0
Eka Prabowo,job_7,1
Eka Prabowo,job_1,1
Eka Sihombing,job_8,1
Eka Sihombing,job_2,1
Eka Gunawan,job_8,1
Eka Gunawan,job_4,1
Eka Lestari,job_8,1
Eka Lestari,job_5,1
Eka Nugroho,job_9,1
Eka Nugroho,job_7,1
Eka Siregar,job_5,0
Eka Siregar,job_0,0
Eka Yulianto,job_7,0
Eka Yulianto,job_9,1
Eka Kusuma,job_8,1
Eka Kusuma,job_9,0
Eka Hidayat,job_6,0
Eka Hidayat,job_5,1
Eka Purnama,job_4,1
Eka Purnama,job_2,0
Eka aditya,job_1,1
Eka aditya,job_6,1
Eka Prasetyo,job_0,1
Eka Prasetyo,job_4,1
Eka Sutrisno,job_6,0
Eka Sutrisno,job_3,0
Eka Wulandari,job_2,1
Eka Wulandari,job_6,1
Eka Siregar,job_3,0
Eka Siregar,job_0,1
Eka Haryanto,job_0,0
Eka Haryanto,job_4,0
Eka Larasati,job_3,0
Eka Larasati,job_7,1
Eka Prabuwono,job_7,1
Eka Prabuwono,job_1,1
Eka Kurniawan,job_5,0
Eka Kurniawan,job_9,0
Eka Sukmawati,job_4,0
Eka Sukmawati,job_8,0
Eka Wicaksono,job_5,0
Eka Wicaksono,job_9,1
Eka Sutanto,job_9,0
Eka Sutanto,job_8,0
Eka Wicaksono,job_3,0
Eka Wicaksono,job_9,1
Eka Prabowo,job_4,0
Eka Prabowo,job_5,1
Eka Haryanto,job_6,0
Eka Haryanto,job_0,1
Eka Lestari,job_4,0
Eka Lestari,job_1,0
Eka Nugroho,job_3,1
Eka Nugroho,job_9,1
Eka Siregar,job_1,1
Eka Siregar,job_8,1
Eka Yulianto,job_6,1
Eka Yulianto,job_9,1
Eka Kusuma,job_3,0
Eka Kusuma,job_2,1
Eka Hidayat,job_1,0
Eka Hidayat,job_5,1
Eka Purnama,job_6,1
Eka Purnama,job_9,1
Fajar Santoso,job_0,0
Fajar Santoso,job_5,1
Fajar Wibowo,job_3,0
Fajar Wibowo,job_7,0
Fajar Utami,job_6,0
Fajar Utami,job_3,0
Fajar Saputra,job_4,0
Fajar Saputra,job_3,1
Fajar Wijaya,job_2,0
Fajar Wijaya,job_5,0
Fajar Halim,job_1,1
Fajar Halim,job_9,0
Fajar Ramadhan,job_2,1
Fajar Ramadhan,job_8,0
Fajar Hernawan,job_2,1
Fajar Hernawan,job_0,1
Fajar Fauzi,job_2,0
Fajar Fauzi,job_4,1
Fajar Permata,job_5,1
Fajar Permata,job_1,0
Fajar Suryanto,job_5,1
Fajar Suryanto,job_1,1
Fajar Prabowo,job_0,0
Fajar Prabowo,job_9,1
Fajar Sihombing,job_2,0
Fajar Sihombing,job_6,1
Fajar Gunawan,job_4,0
Fajar Gunawan,job_9,0
Fajar Lestari,job_9,1
Fajar Lestari,job_4,1
Fajar Nugroho,job_4,0
Fajar Nugroho,job_2,0
Fajar Siregar,job_1,0
Fajar Siregar,job_7,0
Fajar Yulianto,job_0,0
Fajar Yulianto,job_6,0
Fajar Kusuma,job_7,1
Fajar Kusuma,job_9,1
Fajar Hidayat,job_4,1
Fajar Hidayat,job_6,0
Fajar Purnama,job_4,1
Fajar Purnama,job_5,1
Fajar aditya,job_2,1
Fajar aditya,job_0,0
Fajar Prasetyo,job_1,1
Fajar Prasetyo,job_2,0
Fajar Sutrisno,job_2,1
Fajar Sutrisno,job_1,1
Fajar Wulandari,job_5,0
Fajar Wulandari,job_3,1
Fajar Siregar,job_1,0
Fajar Siregar,job_8,1
Fajar Haryanto,job_3,0
Fajar Haryanto,job_7,1
Fajar Larasati,job_6,1
Fajar Larasati,job_3,1
Fajar Prabuwono,job_4,1
Fajar Prabuwono,job_6,1
Fajar Kurniawan,job_6,0
Fajar Kurniawan,job_5,0
Fajar Sukmawati,job_6,0
Fajar Sukmawati,job_5,0
Fajar Wicaksono,job_2,0
Fajar Wicaksono,job_0,1
Fajar Sutanto,job_4,1
Fajar Sutanto,job_6,0
Fajar Wicaksono,job_5,1
Fajar Wicaksono,job_2,1
Fajar Prabowo,job_8,0
Fajar Prabowo,job_7,0
Fajar Haryanto,job_2,1
Fajar Haryanto,job_6,1
Fajar Lestari,job_5,0
Fajar Lestari,job_9,1
Fajar Nugroho,job_0,1
Fajar Nugroho,job_1,0
Fajar Siregar,job_8,1
Fajar Siregar,job_3,1
Fajar Yulianto,job_8,1
Fajar Yulianto,job_4,0
Fajar Kusuma,job_9,1
Fajar Kusuma,job_3,0
Fajar Hidayat,job_0,0
Fajar Hidayat,job_7,0
Fajar Purnama,job_4,0
Fajar Purnama,job_8,1
Gita Santoso,job_4,1
Gita Santoso,job_5,1
Gita Wibowo,job_1,0
Gita Wibowo,job_7,1
Gita Utami,job_7,0
Gita Utami,job_3,0
Gita Saputra,job_3,1
Gita Saputra,job_7,0
Gita Wijaya,job_0,0
Gita Wijaya,job_3,0
Gita Halim,job_6,1
Gita Halim,job_4,1
Gita Ramadhan,job_3,1
Gita Ramadhan,job_7,1
Gita Hernawan,job_0,0
Gita Hernawan,job_1,1
Gita Fauzi,job_8,1
Gita Fauzi,job_6,0
Gita Permata,job_4,0
Gita Permata,job_0,1
Gita Suryanto,job_8,1
Gita Suryanto,job_9,1
Gita Prabowo,job_3,1
Gita Prabowo,job_6,1
Gita Sihombing,job_8,1
Gita Sihombing,job_3,0
Gita Gunawan,job_5,0
Gita Gunawan,job_3,1
Gita Lestari,job_2,1
Gita Lestari,job_4,1
Gita Nugroho,job_4,1
Gita Nugroho,job_6,1
Gita Siregar,job_2,1
Gita Siregar,job_5,0
Gita Yulianto,job_4,0
Gita Yulianto,job_8,0
Gita Kusuma,job_1,0
Gita Kusuma,job_2,0
Gita Hidayat,job_0,1
Gita Hidayat,job_3,0
Gita Purnama,job_4,1
Gita Purnama,job_2,0
Gita aditya,job_1,0
Gita aditya,job_8,0
Gita Prasetyo,job_7,1
Gita Prasetyo,job_8,0
Gita Sutrisno,job_4,1
Gita Sutrisno,job_1,1
Gita Wulandari,job_2,0
Gita Wulandari,job_6,1
Gita Siregar,job_4,0
Gita Siregar,job_0,0
Gita Haryanto,job_1,1
Gita Haryanto,job_9,1
Gita Larasati,job_8,1
Gita Larasati,job_9,0
Gita Prabuwono,job_5,1
Gita Prabuwono,job_0,1
Gita Kurniawan,job_6,0
Gita Kurniawan,job_1,1
Gita Sukmawati,job_6,1
Gita Sukmawati,job_3,0
Gita Wicaksono,job_7,0
Gita Wicaksono,job_1,0
Gita Sutanto,job_7,0
Gita Sutanto,job_8,1
Gita Wicaksono,job_5,0
Gita Wicaksono,job_3,1
Gita Prabowo,job_3,1
Gita Prabowo,job_0,1
Gita Haryanto,job_5,0
Gita Haryanto,job_9,0
Gita Lestari,job_5,1
Gita Lestari,job_7,0
Gita Nugroho,job_9,1
Gita Nugroho,job_8,1
Gita Siregar,job_2,1
Gita Siregar,job_7,0
Gita Yulianto,job_5,0
Gita Yulianto,job_1,1
Gita Kusuma,job_5,1
Gita Kusuma,job_3,0
Gita Hidayat,job_4,0
Gita Hidayat,job_0,1
Gita Purnama,job_4,1
Gita Purnama,job_2,0
Hadi Santoso,job_2,1
Hadi Santoso,job_4,0
Hadi Wibowo,job_1,1
Hadi Wibowo,job_8,0
Hadi Utami,job_4,1
Hadi Utami,job_6,0
Hadi Saputra,job_5,0
Hadi Saputra,job_2,0
Hadi Wijaya,job_8,1
Hadi Wijaya,job_1,1
Hadi Halim,job_4,1
Hadi Halim,job_5,1
Hadi Ramadhan,job_9,0
Hadi Ramadhan,job_3,1
Hadi Hernawan,job_0,1
Hadi Hernawan,job_4,0
Hadi Fauzi,job_8,0
Hadi Fauzi,job_1,0
Hadi Permata,job_9,1
Hadi Permata,job_8,1
Hadi Suryanto,job_4,0
Hadi Suryanto,job_1,0
Hadi Prabowo,job_0,0
Hadi Prabowo,job_4,1
Hadi Sihombing,job_5,0
Hadi Sihombing,job_4,1
Hadi Gunawan,job_1,1
Hadi Gunawan,job_0,1
Hadi Lestari,job_7,1
Hadi Lestari,job_5,1
Hadi Nugroho,job_2,0
Hadi Nugroho,job_8,1
Hadi Siregar,job_5,1
Hadi Siregar,job_2,0
Hadi Yulianto,job_1,1
Hadi Yulianto,job_0,0
Hadi Kusuma,job_2,0
Hadi Kusuma,job_9,0
Hadi Hidayat,job_8,0
Hadi Hidayat,job_3,1
Hadi Purnama,job_8,0
Hadi Purnama,job_4,0
Hadi aditya,job_3,0
Hadi aditya,job_7,1
Hadi Prasetyo,job_3,1
Hadi Prasetyo,job_6,0
Hadi Sutrisno,job_5,0
Hadi Sutrisno,job_2,0
Hadi Wulandari,job_9,1
Hadi Wulandari,job_4,0
Hadi Siregar,job_1,1
Hadi Siregar,job_6,1
Hadi Haryanto,job_0,1
Hadi Haryanto,job_1,1
Hadi Larasati,job_4,0
Hadi Larasati,job_2,0
Hadi Prabuwono,job_9,0
Hadi Prabuwono,job_1,1
Hadi Kurniawan,job_0,0
Hadi Kurniawan,job_3,0
Hadi Sukmawati,job_1,1
Hadi Sukmawati,job_6,1
Hadi Wicaksono,job_1,0
Hadi Wicaksono,job_0,0
Hadi Sutanto,job_0,1
Hadi Sutanto,job_6,1
Hadi Wicaksono,job_2,0
Hadi Wicaksono,job_9,0
Hadi Prabowo,job_5,0
Hadi Prabowo,job_9,1
Hadi Haryanto,job_8,0
Hadi Haryanto,job_4,1
Hadi Lestari,job_2,1
Hadi Lestari,job_3,1
Hadi Nugroho,job_3,1
Hadi Nugroho,job_7,1
Hadi Siregar,job_0,1
Hadi Siregar,job_4,1
Hadi Yulianto,job_0,0
Hadi Yulianto,job_9,1
Hadi Kusuma,job_3,1
Hadi Kusuma,job_6,1
Hadi Hidayat,job_4,1
Hadi Hidayat,job_9,1
Hadi Purnama,job_7,1
Hadi Purnama,job_8,0
Indah Santoso,job_4,1
Indah Santoso,job_3,0
Indah Wibowo,job_4,0
Indah Wibowo,job_7,1
Indah Utami,job_7,0
Indah Utami,job_3,1
Indah Saputra,job_3,1
Indah Saputra,job_7,0
Indah Wijaya,job_8,0
Indah Wijaya,job_9,1
Indah Halim,job_4,1
Indah Halim,job_5,0
Indah Ramadhan,job_4,0
Indah Ramadhan,job_8,0
Indah Hernawan,job_0,1
Indah Hernawan,job_1,0
Indah Fauzi,job_3,1
Indah Fauzi,job_4,1
Indah Permata,job_8,0
Indah Permata,job_9,0
Indah Suryanto,job_8,1
Indah Suryanto,job_0,1
Indah Prabowo,job_8,0
Indah Prabowo,job_6,1
Indah Sihombing,job_3,1
Indah Sihombing,job_2,1
Indah Gunawan,job_6,0
Indah Gunawan,job_4,1
Indah Lestari,job_3,1
Indah Lestari,job_6,0
Indah Nugroho,job_9,1
Indah Nugroho,job_5,0
Indah Siregar,job_3,1
Indah Siregar,job_9,0
Indah Yulianto,job_5,0
Indah Yulianto,job_7,1
Indah Kusuma,job_7,0
Indah Kusuma,job_3,0
Indah Hidayat,job_1,0
Indah Hidayat,job_9,1
Indah Purnama,job_6,1
Indah Purnama,job_0,1
Indah aditya,job_1,0
Indah aditya,job_9,0
Indah Prasetyo,job_7,1
Indah Prasetyo,job_2,1
Indah Sutrisno,job_5,1
Indah Sutrisno,job_1,1
Indah Wulandari,job_9,1
Indah Wulandari,job_6,1
Indah Siregar,job_9,0
Indah Siregar,job_7,1
Indah Haryanto,job_3,1
Indah Haryanto,job_1,1
Indah Larasati,job_9,0
Indah Larasati,job_8,0
Indah Prabuwono,job_3,0
Indah Prabuwono,job_0,1
Indah Kurniawan,job_2,0
Indah Kurniawan,job_0,1
Indah Sukmawati,job_3,0
Indah Sukmawati,job_6,1
Indah Wicaksono,job_8,0
Indah Wicaksono,job_3,1
Indah Sutanto,job_6,0
Indah Sutanto,job_5,0
Indah Wicaksono,job_8,1
Indah Wicaksono,job_2,1
Indah Prabowo,job_9,0
Indah Prabowo,job_0,1
Indah Haryanto,job_2,0
Indah Haryanto,job_3,0
Indah Lestari,job_3,1
Indah Lestari,job_9,1
Indah Nugroho,job_0,1
Indah Nugroho,job_7,1
Indah Siregar,job_1,1
Indah Siregar,job_3,0
Indah Yulianto,job_4,1
Indah Yulianto,job_6,1
Indah Kusuma,job_2,1
Indah Kusuma,job_7,1
Indah Hidayat,job_0,1
Indah Hidayat,job_8,0
Indah Purnama,job_6,1
Indah Purnama,job_1,1
Joko Santoso,job_1,1
Joko Santoso,job_2,0
Joko Wibowo,job_2,0
Joko Wibowo,job_4,0
Joko Utami,job_8,0
Joko Utami,job_5,1
Joko Saputra,job_9,0
Joko Saputra,job_8,1
Joko Wijaya,job_7,1
Joko Wijaya,job_6,0
Joko Halim,job_7,1
Joko Halim,job_4,0
Joko Ramadhan,job_0,1
Joko Ramadhan,job_3,1
Joko Hernawan,job_8,0
Joko Hernawan,job_7,0
Joko Fauzi,job_1,0
Joko Fauzi,job_2,1
Joko Permata,job_8,0
Joko Permata,job_1,1
Joko Suryanto,job_9,1
Joko Suryanto,job_2,1
Joko Prabowo,job_3,1
Joko Prabowo,job_2,1
Joko Sihombing,job_9,0
Joko Sihombing,job_8,1
Joko Gunawan,job_8,1
Joko Gunawan,job_1,0
Joko Lestari,job_4,1
Joko Lestari,job_9,1
Joko Nugroho,job_2,0
Joko Nugroho,job_0,0
Joko Siregar,job_3,1
Joko Siregar,job_2,1
Joko Yulianto,job_1,1
Joko Yulianto,job_8,1
Joko Kusuma,job_6,1
Joko Kusuma,job_8,0
Joko Hidayat,job_7,0
Joko Hidayat,job_2,0
Joko Purnama,job_5,1
Joko Purnama,job_0,1
Joko aditya,job_0,0
Joko aditya,job_9,0
Joko Prasetyo,job_1,1
Joko Prasetyo,job_5,0
Joko Sutrisno,job_9,1
Joko Sutrisno,job_1,1
Joko Wulandari,job_1,0
Joko Wulandari,job_7,0
Joko Siregar,job_5,1
Joko Siregar,job_0,0
Joko Haryanto,job_9,0
Joko Haryanto,job_0,0
Joko Larasati,job_5,0
Joko Larasati,job_6,0
Joko Prabuwono,job_8,0
Joko Prabuwono,job_4,1
Joko Kurniawan,job_1,0
Joko Kurniawan,job_8,0
Joko Sukmawati,job_9,1
Joko Sukmawati,job_8,1
Joko Wicaksono,job_1,1
Joko Wicaksono,job_2,0
Joko Sutanto,job_8,1
Joko Sutanto,job_0,0
Joko Wicaksono,job_8,1
Joko Wicaksono,job_6,1
Joko Prabowo,job_0,1
Joko Prabowo,job_9,0
Joko Haryanto,job_6,1
Joko Haryanto,job_5,1
Joko Lestari,job_8,1
Joko Lestari,job_4,1
Joko Nugroho,job_9,1
Joko Nugroho,job_1,1
Joko Siregar,job_4,1
Joko Siregar,job_8,1
Joko Yulianto,job_0,1
Joko Yulianto,job_5,1
Joko Kusuma,job_9,0
Joko Kusuma,job_6,0
Joko Hidayat,job_0,1
Joko Hidayat,job_7,1
Joko Purnama,job_6,1
Joko Purnama,job_8,1
Kiki Santoso,job_0,1
Kiki Santoso,job_8,1
Kiki Wibowo,job_4,0
Kiki Wibowo,job_0,0
Kiki Utami,job_4,1
Kiki Utami,job_8,1
Kiki Saputra,job_8,1
Kiki Saputra,job_0,0
Kiki Wijaya,job_2,0
Kiki Wijaya,job_8,1
Kiki Halim,job_3,1
Kiki Halim,job_8,0
Kiki Ramadhan,job_3,0
Kiki Ramadhan,job_8,1
Kiki Hernawan,job_3,0
Kiki Hernawan,job_2,1
Kiki Fauzi,job_6,0
Kiki Fauzi,job_4,0
Kiki Permata,job_4,1
Kiki Permata,job_6,1
Kiki Suryanto,job_6,1
Kiki Suryanto,job_2,0
Kiki Prabowo,job_8,1
Kiki Prabowo,job_6,1
Kiki Sihombing,job_4,0
Kiki Sihombing,job_1,1
Kiki Gunawan,job_6,0
Kiki Gunawan,job_4,0
Kiki Lestari,job_2,0
Kiki Lestari,job_5,1
Kiki Nugroho,job_4,1
Kiki Nugroho,job_0,1
Kiki Siregar,job_5,1
Kiki Siregar,job_9,1
Kiki Yulianto,job_3,0
Kiki Yulianto,job_0,0
Kiki Kusuma,job_4,0
Kiki Kusuma,job_6,0
Kiki Hidayat,job_8,1
Kiki Hidayat,job_9,0
Kiki Purnama,job_3,1
Kiki Purnama,job_1,1
Kiki aditya,job_8,1
Kiki aditya,job_9,0
Kiki Prasetyo,job_5,0
Kiki Prasetyo,job_2,0
Kiki Sutrisno,job_0,1
Kiki Sutrisno,job_5,0
Kiki Wulandari,job_0,1
Kiki Wulandari,job_4,0
Kiki Siregar,job_3,1
Kiki Siregar,job_5,1
Kiki Haryanto,job_9,0
Kiki Haryanto,job_5,1
Kiki Larasati,job_3,0
Kiki Larasati,job_2,1
Kiki Prabuwono,job_9,0
Kiki Prabuwono,job_7,0
Kiki Kurniawan,job_1,1
Kiki Kurniawan,job_8,0
Kiki Sukmawati,job_3,0
Kiki Sukmawati,job_1,1
Kiki Wicaksono,job_3,1
Kiki Wicaksono,job_2,1
Kiki Sutanto,job_3,0
Kiki Sutanto,job_0,0
Kiki Wicaksono,job_1,0
Kiki Wicaksono,job_9,0
Kiki Prabowo,job_8,0
Kiki Prabowo,job_7,1
Kiki Haryanto,job_6,1
Kiki Haryanto,job_1,1
Kiki Lestari,job_6,0
Kiki Lestari,job_8,1
Kiki Nugroho,job_0,0
Kiki Nugroho,job_9,1
Kiki Siregar,job_0,1
Kiki Siregar,job_9,1
Kiki Yulianto,job_6,1
Kiki Yulianto,job_1,0
Kiki Kusuma,job_8,1
Kiki Kusuma,job_0,1
Kiki Hidayat,job_7,1
Kiki Hidayat,job_9,1
Kiki Purnama,job_9,0
Kiki Purnama,job_1,1
Lia Santoso,job_0,1
Lia Santoso,job_3,0
Lia Wibowo,job_5,0
Lia Wibowo,job_2,1
Lia Utami,job_9,0
Lia Utami,job_1,0
Lia Saputra,job_9,1
Lia Saputra,job_4,1
Lia Wijaya,job_3,1
Lia Wijaya,job_6,1
Lia Halim,job_0,0
Lia Halim,job_2,1
Lia Ramadhan,job_2,0
Lia Ramadhan,job_9,0
Lia Hernawan,job_8,1
Lia Hernawan,job_2,0
Lia Fauzi,job_5,0
Lia Fauzi,job_9,1
Lia Permata,job_0,1
Lia Permata,job_4,0
Lia Suryanto,job_0,0
Lia Suryanto,job_5,0
Lia Prabowo,job_5,0
Lia Prabowo,job_3,1
Lia Sihombing,job_6,1
Lia Sihombing,job_0,1
Lia Gunawan,job_2,0
Lia Gunawan,job_6,1
Lia Lestari,job_0,0
Lia Lestari,job_3,1
Lia Nugroho,job_3,1
Lia Nugroho,job_5,0
Lia Siregar,job_1,1
Lia Siregar,job_0,0
Lia Yulianto,job_1,0
Lia Yulianto,job_5,1
Lia Kusuma,job_2,1
Lia Kusuma,job_3,1
Lia Hidayat,job_0,1
Lia Hidayat,job_6,1
Lia Purnama,job_9,0
Lia Purnama,job_1,0
Lia aditya,job_6,1
Lia aditya,job_8,1
Lia Prasetyo,job_3,0
Lia Prasetyo,job_8,1
Lia Sutrisno,job_0,1
Lia Sutrisno,job_1,0
Lia Wulandari,job_0,0
Lia Wulandari,job_8,0
Lia Siregar,job_5,1
Lia Siregar,job_4,0
Lia Haryanto,job_8,1
Lia Haryanto,job_9,1
Lia Larasati,job_3,0
Lia Larasati,job_5,1
Lia Prabuwono,job_1,0
Lia Prabuwono,job_5,0
Lia Kurniawan,job_9,0
Lia Kurniawan,job_0,0
Lia Sukmawati,job_9,0
Lia Sukmawati,job_1,1
Lia Wicaksono,job_2,1
Lia Wicaksono,job_0,1
Lia Sutanto,job_4,0
Lia Sutanto,job_2,0
Lia Wicaksono,job_9,0
Lia Wicaksono,job_6,1
Lia Prabowo,job_6,0
Lia Prabowo,job_4,1
Lia Haryanto,job_9,1
Lia Haryanto,job_7,1
Lia Lestari,job_2,0
Lia Lestari,job_8,0
Lia Nugroho,job_9,1
Lia Nugroho,job_3,1
Lia Siregar,job_4,0
Lia Siregar,job_0,0
Lia Yulianto,job_9,0
Lia Yulianto,job_3,0
Lia Kusuma,job_1,0
Lia Kusuma,job_2,0
Lia Hidayat,job_3,0
Lia Hidayat,job_4,0
Lia Purnama,job_6,0
Lia Purnama,job_9,0
Mira Santoso,job_0,0
Mira Santoso,job_6,1
Mira Wibowo,job_8,1
Mira Wibowo,job_7,0
Mira Utami,job_7,0
Mira Utami,job_6,1
Mira Saputra,job_7,0
Mira Saputra,job_2,1
Mira Wijaya,job_3,0
Mira Wijaya,job_8,1
Mira Halim,job_9,0
Mira Halim,job_5,0
Mira Ramadhan,job_8,0
Mira Ramadhan,job_2,1
Mira Hernawan,job_0,0
Mira Hernawan,job_4,0
Mira Fauzi,job_6,0
Mira Fauzi,job_1,0
Mira Permata,job_9,1
Mira Permata,job_6,0
Mira Suryanto,job_2,0
Mira Suryanto,job_6,1
Mira Prabowo,job_2,0
Mira Prabowo,job_6,1
Mira Sihombing,job_8,1
Mira Sihombing,job_6,1
Mira Gunawan,job_1,1
Mira Gunawan,job_3,0
Mira Lestari,job_6,1
Mira Lestari,job_1,0
Mira Nugroho,job_2,0
Mira Nugroho,job_3,1
Mira Siregar,job_5,1
Mira Siregar,job_1,1
Mira Yulianto,job_4,1
Mira Yulianto,job_6,1
Mira Kusuma,job_4,1
Mira Kusuma,job_8,0
Mira Hidayat,job_0,1
Mira Hidayat,job_2,1
Mira Purnama,job_0,1
Mira Purnama,job_8,1
Mira aditya,job_6,0
Mira aditya,job_1,1
Mira Prasetyo,job_6,1
Mira Prasetyo,job_8,1
Mira Sutrisno,job_3,0
Mira Sutrisno,job_5,0
Mira Wulandari,job_0,0
Mira Wulandari,job_9,1
Mira Siregar,job_0,1
Mira Siregar,job_4,1
Mira Haryanto,job_1,1
Mira Haryanto,job_5,1
Mira Larasati,job_2,1
Mira Larasati,job_8,0
Mira Prabuwono,job_7,0
Mira Prabuwono,job_6,1
Mira Kurniawan,job_5,0
Mira Kurniawan,job_3,1
Mira Sukmawati,job_7,0
Mira Sukmawati,job_9,1
Mira Wicaksono,job_2,0
Mira Wicaksono,job_0,0
Mira Sutanto,job_2,0
Mira Sutanto,job_6,0
Mira Wicaksono,job_2,1
Mira Wicaksono,job_9,0
Mira Prabowo,job_1,0
Mira Prabowo,job_7,0
Mira Haryanto,job_6,0
Mira Haryanto,job_0,1
Mira Lestari,job_9,0
Mira Lestari,job_1,1
Mira Nugroho,job_6,0
Mira Nugroho,job_8,1
Mira Siregar,job_3,1
Mira Siregar,job_9,1
Mira Yulianto,job_2,1
Mira Yulianto,job_5,0
Mira Kusuma,job_3,0
Mira Kusuma,job_5,1
Mira Hidayat,job_7,0
Mira Hidayat,job_8,0
Mira Purnama,job_3,0
Mira Purnama,job_2,1
Nina Santoso,job_2,1
Nina Santoso,job_0,1
Nina Wibowo,job_6,0
Nina Wibowo,job_3,0
Nina Utami,job_5,0
Nina Utami,job_2,0
Nina Saputra,job_5,1
Nina Saputra,job_6,1
Nina Wijaya,job_1,1
Nina Wijaya,job_8,1
Nina Halim,job_0,0
Nina Halim,job_2,1
Nina Ramadhan,job_2,1
Nina Ramadhan,job_6,1
Nina Hernawan,job_1,1
Nina Hernawan,job_6,0
Nina Fauzi,job_3,1
Nina Fauzi,job_7,1
Nina Permata,job_1,0
Nina Permata,job_6,1
Nina Suryanto,job_2,0
Nina Suryanto,job_7,1
Nina Prabowo,job_8,0
Nina Prabowo,job_2,1
Nina Sihombing,job_2,0
Nina Sihombing,job_1,0
Nina Gunawan,job_9,0
Nina Gunawan,job_8,1
Nina Lestari,job_3,1
Nina Lestari,job_4,0
Nina Nugroho,job_2,1
Nina Nugroho,job_8,0
Nina Siregar,job_9,1
Nina Siregar,job_7,1
Nina Yulianto,job_3,1
Nina Yulianto,job_8,1
Nina Kusuma,job_8,0
Nina Kusuma,job_2,0
Nina Hidayat,job_6,1
Nina Hidayat,job_0,1
Nina Purnama,job_7,1
Nina Purnama,job_0,1
Nina aditya,job_8,1
Nina aditya,job_6,0
Nina Prasetyo,job_1,1
Nina Prasetyo,job_7,1
Nina Sutrisno,job_7,0
Nina Sutrisno,job_3,1
Nina Wulandari,job_2,1
Nina Wulandari,job_0,1
Nina Siregar,job_8,1
Nina Siregar,job_2,1
Nina Haryanto,job_2,0
Nina Haryanto,job_3,1
Nina Larasati,job_2,0
Nina Larasati,job_1,1
Nina Prabuwono,job_5,0
Nina Prabuwono,job_0,1
Nina Kurniawan,job_7,0
Nina Kurniawan,job_1,1
Nina Sukmawati,job_2,1
Nina Sukmawati,job_1,0
Nina Wicaksono,job_2,0
Nina Wicaksono,job_1,1
Nina Sutanto,job_9,0
Nina Sutanto,job_6,0
Nina Wicaksono,job_0,0
Nina Wicaksono,job_8,0
Nina Prabowo,job_4,1
Nina Prabowo,job_3,0
Nina Haryanto,job_4,0
Nina Haryanto,job_8,1
Nina Lestari,job_2,0
Nina Lestari,job_0,0
Nina Nugroho,job_9,0
Nina Nugroho,job_3,0
Nina Siregar,job_9,1
Nina Siregar,job_4,1
Nina Yulianto,job_2,0
Nina Yulianto,job_4,1
Nina Kusuma,job_9,0
Nina Kusuma,job_8,1
Nina Hidayat,job_1,1
Nina Hidayat,job_4,0
Nina Purnama,job_8,0
Nina Purnama,job_7,0
Oka Santoso,job_0,1
Oka Santoso,job_7,0
Oka Wibowo,job_3,1
Oka Wibowo,job_8,1
Oka Utami,job_3,0
Oka Utami,job_8,0
Oka Saputra,job_0,1
Oka Saputra,job_7,0
Oka Wijaya,job_9,0
Oka Wijaya,job_1,0
Oka Halim,job_7,0
Oka Halim,job_9,0
Oka Ramadhan,job_8,0
Oka Ramadhan,job_2,0
Oka Hernawan,job_6,1
Oka Hernawan,job_8,0
Oka Fauzi,job_2,1
Oka Fauzi,job_5,1
Oka Permata,job_0,1
Oka Permata,job_8,0
Oka Suryanto,job_6,0
Oka Suryanto,job_2,0
Oka Prabowo,job_5,1
Oka Prabowo,job_0,0
Oka Sihombing,job_5,1
Oka Sihombing,job_6,0
Oka Gunawan,job_7,1
Oka Gunawan,job_0,1
Oka Lestari,job_4,1
Oka Lestari,job_8,1
Oka Nugroho,job_5,1
Oka Nugroho,job_4,0
Oka Siregar,job_6,1
Oka Siregar,job_7,1
Oka Yulianto,job_5,1
Oka Yulianto,job_4,1
Oka Kusuma,job_2,0
Oka Kusuma,job_8,0
Oka Hidayat,job_6,0
Oka Hidayat,job_3,1
Oka Purnama,job_9,1
Oka Purnama,job_1,1
Oka aditya,job_1,1
Oka aditya,job_5,0
Oka Prasetyo,job_7,0
Oka Prasetyo,job_2,1
Oka Sutrisno,job_2,0
Oka Sutrisno,job_9,1
Oka Wulandari,job_3,0
Oka Wulandari,job_5,0
Oka Siregar,job_5,1
Oka Siregar,job_1,0
Oka Haryanto,job_8,1
Oka Haryanto,job_1,1
Oka Larasati,job_5,0
Oka Larasati,job_0,0
Oka Prabuwono,job_4,0
Oka Prabuwono,job_6,0
Oka Kurniawan,job_0,0
Oka Kurniawan,job_5,0
Oka Sukmawati,job_4,1
Oka Sukmawati,job_9,1
Oka Wicaksono,job_9,0
Oka Wicaksono,job_1,0
Oka Sutanto,job_9,0
Oka Sutanto,job_1,1
Oka Wicaksono,job_7,1
Oka Wicaksono,job_9,1
Oka Prabowo,job_5,1
Oka Prabowo,job_3,1
Oka Haryanto,job_5,1
Oka Haryanto,job_3,1
Oka Lestari,job_4,1
Oka Lestari,job_7,0
Oka Nugroho,job_3,1
Oka Nugroho,job_1,1
Oka Siregar,job_9,0
Oka Siregar,job_3,1
Oka Yulianto,job_8,1
Oka Yulianto,job_1,1
Oka Kusuma,job_5,1
Oka Kusuma,job_0,0
Oka Hidayat,job_2,1
Oka Hidayat,job_1,0
Oka Purnama,job_1,0
Oka Purnama,job_0,1
Putri Santoso,job_6,0
Putri Santoso,job_8,1
Putri Wibowo,job_9,0
Putri Wibowo,job_8,1
Putri Utami,job_2,1
Putri Utami,job_7,1
Putri Saputra,job_3,0
Putri Saputra,job_8,0
Putri Wijaya,job_5,1
Putri Wijaya,job_6,1
Putri Halim,job_5,0
Putri Halim,job_8,0
Putri Ramadhan,job_6,1
Putri Ramadhan,job_9,1
Putri Hernawan,job_9,0
Putri Hernawan,job_8,0
Putri Fauzi,job_8,1
Putri Fauzi,job_7,0
Putri Permata,job_2,0
Putri Permata,job_7,1
Putri Suryanto,job_4,0
Putri Suryanto,job_8,0
Putri Prabowo,job_6,1
Putri Prabowo,job_5,1
Putri Sihombing,job_9,1
Putri Sihombing,job_4,1
Putri Gunawan,job_9,0
Putri Gunawan,job_1,0
Putri Lestari,job_6,1
Putri Lestari,job_5,0
Putri Nugroho,job_0,1
Putri Nugroho,job_9,0
Putri Siregar,job_5,0
Putri Siregar,job_3,0
Putri Yulianto,job_1,1
Putri Yulianto,job_3,0
Putri Kusuma,job_1,0
Putri Kusuma,job_5,1
Putri Hidayat,job_0,1
Putri Hidayat,job_5,1
Putri Purnama,job_3,1
Putri Purnama,job_6,1
Putri aditya,job_1,1
Putri aditya,job_4,0
Putri Prasetyo,job_8,1
Putri Prasetyo,job_6,0
Putri Sutrisno,job_7,0
Putri Sutrisno,job_2,0
Putri Wulandari,job_3,0
Putri Wulandari,job_6,0
Putri Siregar,job_7,0
Putri Siregar,job_4,1
Putri Haryanto,job_0,1
Putri Haryanto,job_2,1
Putri Larasati,job_2,1
Putri Larasati,job_5,0
Putri Prabuwono,job_1,1
Putri Prabuwono,job_8,0
Putri Kurniawan,job_8,0
Putri Kurniawan,job_1,1
Putri Sukmawati,job_1,1
Putri Sukmawati,job_2,1
Putri Wicaksono,job_0,0
Putri Wicaksono,job_4,1
Putri Sutanto,job_0,0
Putri Sutanto,job_1,1
Putri Wicaksono,job_7,1
Putri Wicaksono,job_2,1
Putri Prabowo,job_5,0
Putri Prabowo,job_0,0
Putri Haryanto,job_6,1
Putri Haryanto,job_8,0
Putri Lestari,job_2,0
Putri Lestari,job_9,1
Putri Nugroho,job_5,0
Putri Nugroho,job_4,1
Putri Siregar,job_4,1
Putri Siregar,job_7,1
Putri Yulianto,job_9,1
Putri Yulianto,job_0,0
Putri Kusuma,job_8,1
Putri Kusuma,job_7,0
Putri Hidayat,job_3,1
Putri Hidayat,job_1,1
Putri Purnama,job_2,0
Putri Purnama,job_7,0
Qori Santoso,job_2,0
Qori Santoso,job_1,1
Qori Wibowo,job_7,0
Qori Wibowo,job_3,0
Qori Utami,job_2,1
Qori Utami,job_0,1
Qori Saputra,job_9,0
Qori Saputra,job_3,0
Qori Wijaya,job_1,0
Qori Wijaya,job_6,0
Qori Halim,job_9,0
Qori Halim,job_1,1
Qori Ramadhan,job_8,1
Qori Ramadhan,job_2,1
Qori Hernawan,job_5,0
Qori Hernawan,job_3,0
Qori Fauzi,job_8,1
Qori Fauzi,job_3,0
Qori Permata,job_4,1
Qori Permata,job_6,0
Qori Suryanto,job_7,1
Qori Suryanto,job_9,0
Qori Prabowo,job_4,0
Qori Prabowo,job_3,0
Qori Sihombing,job_4,0
Qori Sihombing,job_9,0
Qori Gunawan,job_7,1
Qori Gunawan,job_1,0
Qori Lestari,job_9,1
Qori Lestari,job_7,0
Qori Nugroho,job_7,1
Qori Nugroho,job_1,1
Qori Siregar,job_9,0
Qori Siregar,job_7,0
Qori Yulianto,job_1,1
Qori Yulianto,job_3,0
Qori Kusuma,job_5,1
Qori Kusuma,job_2,1
Qori Hidayat,job_8,1
Qori Hidayat,job_3,1
Qori Purnama,job_1,1
Qori Purnama,job_2,1
Qori aditya,job_0,1
Qori aditya,job_8,1
Qori Prasetyo,job_0,0
Qori Prasetyo,job_4,1
Qori Sutrisno,job_7,1
Qori Sutrisno,job_8,0
Qori Wulandari,job_7,0
Qori Wulandari,job_5,0
Qori Siregar,job_5,1
Qori Siregar,job_8,1
Qori Haryanto,job_8,0
Qori Haryanto,job_6,0
Qori Larasati,job_0,1
Qori Larasati,job_3,0
Qori Prabuwono,job_3,0
Qori Prabuwono,job_6,0
Qori Kurniawan,job_9,1
Qori Kurniawan,job_5,1
Qori Sukmawati,job_2,0
Qori Sukmawati,job_3,0
Qori Wicaksono,job_1,0
Qori Wicaksono,job_0,1
Qori Sutanto,job_2,0
Qori Sutanto,job_5,1
Qori Wicaksono,job_3,1
Qori Wicaksono,job_7,0
Qori Prabowo,job_8,1
Qori Prabowo,job_3,0
Qori Haryanto,job_0,0
Qori Haryanto,job_6,1
Qori Lestari,job_9,1
Qori Lestari,job_7,0
Qori Nugroho,job_2,1
Qori Nugroho,job_6,1
Qori Siregar,job_2,1
Qori Siregar,job_1,1
Qori Yulianto,job_7,1
Qori Yulianto,job_6,0
Qori Kusuma,job_0,1
Qori Kusuma,job_1,0
Qori Hidayat,job_1,1
Qori Hidayat,job_9,1
Qori Purnama,job_2,1
Qori Purnama,job_9,0
Rudi Santoso,job_0,1
Rudi Santoso,job_7,1
Rudi Wibowo,job_8,0
Rudi Wibowo,job_7,1
Rudi Utami,job_9,1
Rudi Utami,job_3,0
Rudi Saputra,job_6,1
Rudi Saputra,job_9,0
Rudi Wijaya,job_2,0
Rudi Wijaya,job_7,0
Rudi Halim,job_4,1
Rudi Halim,job_8,0
Rudi Ramadhan,job_4,1
Rudi Ramadhan,job_2,1
Rudi Hernawan,job_8,0
Rudi Hernawan,job_6,1
Rudi Fauzi,job_5,0
Rudi Fauzi,job_0,1
Rudi Permata,job_2,0
Rudi Permata,job_9,1
Rudi Suryanto,job_0,1
Rudi Suryanto,job_3,1
Rudi Prabowo,job_5,0
Rudi Prabowo,job_6,1
Rudi Sihombing,job_0,0
Rudi Sihombing,job_3,0
Rudi Gunawan,job_5,0
Rudi Gunawan,job_2,0
Rudi Lestari,job_0,1
Rudi Lestari,job_1,0
Rudi Nugroho,job_2,1
Rudi Nugroho,job_4,0
Rudi Siregar,job_8,1
Rudi Siregar,job_5,1
Rudi Yulianto,job_2,1
Rudi Yulianto,job_3,1
Rudi Kusuma,job_1,1
Rudi Kusuma,job_2,0
Rudi Hidayat,job_0,1
Rudi Hidayat,job_6,0
Rudi Purnama,job_7,1
Rudi Purnama,job_3,1
Rudi aditya,job_2,1
Rudi aditya,job_0,0
Rudi Prasetyo,job_1,0
Rudi Prasetyo,job_6,0
Rudi Sutrisno,job_6,1
Rudi Sutrisno,job_3,0
Rudi Wulandari,job_8,1
Rudi Wulandari,job_1,1
Rudi Siregar,job_2,1
Rudi Siregar,job_0,0
Rudi Haryanto,job_4,1
Rudi Haryanto,job_0,1
Rudi Larasati,job_9,0
Rudi Larasati,job_5,0
Rudi Prabuwono,job_7,1
Rudi Prabuwono,job_9,0
Rudi Kurniawan,job_4,1
Rudi Kurniawan,job_1,0
Rudi Sukmawati,job_5,1
Rudi Sukmawati,job_9,0
Rudi Wicaksono,job_3,0
Rudi Wicaksono,job_4,1
Rudi Sutanto,job_4,1
Rudi Sutanto,job_7,1
Rudi Wicaksono,job_8,0
Rudi Wicaksono,job_0,1
Rudi Prabowo,job_8,1
Rudi Prabowo,job_1,1
Rudi Haryanto,job_6,1
Rudi Haryanto,job_8,1
Rudi Lestari,job_4,1
Rudi Lestari,job_1,0
Rudi Nugroho,job_0,1
Rudi Nugroho,job_8,1
Rudi Siregar,job_5,1
Rudi Siregar,job_7,1
Rudi Yulianto,job_1,0
Rudi Yulianto,job_5,1
Rudi Kusuma,job_3,1
Rudi Kusuma,job_8,0
Rudi Hidayat,job_3,1
Rudi Hidayat,job_0,1
Rudi Purnama,job_1,0
Rudi Purnama,job_0,1
Sari Santoso,job_8,0
Sari Santoso,job_4,1
Sari Wibowo,job_6,1
Sari Wibowo,job_2,1
Sari Utami,job_0,1
Sari Utami,job_6,1
Sari Saputra,job_8,0
Sari Saputra,job_5,0
Sari Wijaya,job_9,0
Sari Wijaya,job_4,1
Sari Halim,job_8,1
Sari Halim,job_0,0
Sari Ramadhan,job_3,1
Sari Ramadhan,job_6,0
Sari Hernawan,job_7,0
Sari Hernawan,job_4,0
Sari Fauzi,job_6,1
Sari Fauzi,job_2,1
Sari Permata,job_8,0
Sari Permata,job_3,0
Sari Suryanto,job_7,1
Sari Suryanto,job_0,0
Sari Prabowo,job_6,1
Sari Prabowo,job_9,1
Sari Sihombing,job_5,0
Sari Sihombing,job_0,0
Sari Gunawan,job_0,0
Sari Gunawan,job_7,0
Sari Lestari,job_1,1
Sari Lestari,job_4,1
Sari Nugroho,job_4,1
Sari Nugroho,job_3,0
Sari Siregar,job_1,1
Sari Siregar,job_4,1
Sari Yulianto,job_1,0
Sari Yulianto,job_5,1
Sari Kusuma,job_9,1
Sari Kusuma,job_8,0
Sari Hidayat,job_9,0
Sari Hidayat,job_7,1
Sari Purnama,job_9,0
Sari Purnama,job_8,0
Sari aditya,job_1,0
Sari aditya,job_3,0
Sari Prasetyo,job_1,1
Sari Prasetyo,job_6,1
Sari Sutrisno,job_4,0
Sari Sutrisno,job_1,1
Sari Wulandari,job_1,1
Sari Wulandari,job_2,1
Sari Siregar,job_0,1
Sari Siregar,job_7,1
Sari Haryanto,job_3,1
Sari Haryanto,job_2,0
Sari Larasati,job_3,0
Sari Larasati,job_8,0
Sari Prabuwono,job_9,0
Sari Prabuwono,job_1,0
Sari Kurniawan,job_0,0
Sari Kurniawan,job_1,0
Sari Sukmawati,job_2,0
Sari Sukmawati,job_6,0
Sari Wicaksono,job_2,1
Sari Wicaksono,job_0,1
Sari Sutanto,job_7,0
Sari Sutanto,job_8,1
Sari Wicaksono,job_6,0
Sari Wicaksono,job_0,1
Sari Prabowo,job_0,1
Sari Prabowo,job_4,0
Sari Haryanto,job_8,1
Sari Haryanto,job_1,0
Sari Lestari,job_9,1
Sari Lestari,job_8,0
Sari Nugroho,job_9,0
Sari Nugroho,job_7,0
Sari Siregar,job_1,0
Sari Siregar,job_7,1
Sari Yulianto,job_8,0
Sari Yulianto,job_9,0
Sari Kusuma,job_8,0
Sari Kusuma,job_0,0
Sari Hidayat,job_8,0
Sari Hidayat,job_6,1
Sari Purnama,job_2,0
Sari Purnama,job_9,0
Tono Santoso,job_5,0
Tono Santoso,job_8,0
Tono Wibowo,job_9,0
Tono Wibowo,job_7,1
Tono Utami,job_0,1
Tono Utami,job_8,0
Tono Saputra,job_4,1
Tono Saputra,job_8,1
Tono Wijaya,job_7,0
Tono Wijaya,job_1,1
Tono Halim,job_3,1
Tono Halim,job_6,1
Tono Ramadhan,job_6,0
Tono Ramadhan,job_1,0
Tono Hernawan,job_2,0
Tono Hernawan,job_8,0
Tono Fauzi,job_9,0
Tono Fauzi,job_4,1
Tono Permata,job_6,0
Tono Permata,job_8,1
Tono Suryanto,job_6,0
Tono Suryanto,job_7,1
Tono Prabowo,job_0,1
Tono Prabowo,job_5,1
Tono Sihombing,job_1,1
Tono Sihombing,job_6,1
Tono Gunawan,job_7,0
Tono Gunawan,job_8,1
Tono Lestari,job_4,1
Tono Lestari,job_8,1
Tono Nugroho,job_6,1
Tono Nugroho,job_5,0
Tono Siregar,job_9,1
Tono Siregar,job_6,0
Tono Yulianto,job_9,0
Tono Yulianto,job_6,1
Tono Kusuma,job_9,1
Tono Kusuma,job_6,1
Tono Hidayat,job_4,1
Tono Hidayat,job_6,1
Tono Purnama,job_4,1
Tono Purnama,job_2,1
Tono aditya,job_8,1
Tono aditya,job_5,1
Tono Prasetyo,job_5,0
Tono Prasetyo,job_3,1
Tono Sutrisno,job_8,1
Tono Sutrisno,job_9,0
Tono Wulandari,job_9,1
Tono Wulandari,job_3,0
Tono Siregar,job_8,1
Tono Siregar,job_3,0
Tono Haryanto,job_2,1
Tono Haryanto,job_4,1
Tono Larasati,job_8,0
Tono Larasati,job_7,1
Tono Prabuwono,job_0,1
Tono Prabuwono,job_1,1
Tono Kurniawan,job_1,1
Tono Kurniawan,job_3,0
Tono Sukmawati,job_9,0
Tono Sukmawati,job_2,0
Tono Wicaksono,job_6,1
Tono Wicaksono,job_1,0
Tono Sutanto,job_6,1
Tono Sutanto,job_0,0
Tono Wicaksono,job_0,1
Tono Wicaksono,job_4,0
Tono Prabowo,job_6,1
Tono Prabowo,job_5,0
Tono Haryanto,job_2,0
Tono Haryanto,job_5,1
Tono Lestari,job_4,1
Tono Lestari,job_7,1
Tono Nugroho,job_1,1
Tono Nugroho,job_6,1
Tono Siregar,job_3,1
Tono Siregar,job_4,0
Tono Yulianto,job_6,0
Tono Yulianto,job_9,0
Tono Kusuma,job_7,0
Tono Kusuma,job_1,1
Tono Hidayat,job_4,1
Tono Hidayat,job_8,0
Tono Purnama,job_0,0
Tono Purnama,job_8,0
Umi Santoso,job_0,0
Umi Santoso,job_6,1
Umi Wibowo,job_1,1
Umi Wibowo,job_4,1
Umi Utami,job_8,0
Umi Utami,job_1,0
Umi Saputra,job_9,0
Umi Saputra,job_2,0
Umi Wijaya,job_4,1
Umi Wijaya,job_8,0
Umi Halim,job_9,0
Umi Halim,job_3,1
Umi Ramadhan,job_9,1
Umi Ramadhan,job_8,0
Umi Hernawan,job_6,0
Umi Hernawan,job_4,0
Umi Fauzi,job_5,0
Umi Fauzi,job_9,0
Umi Permata,job_0,1
Umi Permata,job_1,1
Umi Suryanto,job_9,1
Umi Suryanto,job_2,0
Umi Prabowo,job_7,1
Umi Prabowo,job_5,0
Umi Sihombing,job_0,1
Umi Sihombing,job_5,1
Umi Gunawan,job_6,1
Umi Gunawan,job_0,1
Umi Lestari,job_8,1
Umi Lestari,job_6,1
Umi Nugroho,job_6,1
Umi Nugroho,job_2,0
Umi Siregar,job_5,1
Umi Siregar,job_9,1
Umi Yulianto,job_0,1
Umi Yulianto,job_9,0
Umi Kusuma,job_9,0
Umi Kusuma,job_4,1
Umi Hidayat,job_9,1
Umi Hidayat,job_4,1
Umi Purnama,job_6,0
Umi Purnama,job_9,1
Umi aditya,job_8,1
Umi aditya,job_6,0
Umi Prasetyo,job_5,1
Umi Prasetyo,job_6,1
Umi Sutrisno,job_4,0
Umi Sutrisno,job_5,1
Umi Wulandari,job_7,1
Umi Wulandari,job_5,1
Umi Siregar,job_7,0
Umi Siregar,job_4,0
Umi Haryanto,job_3,0
Umi Haryanto,job_8,1
Umi Larasati,job_2,0
Umi Larasati,job_3,1
Umi Prabuwono,job_6,0
Umi Prabuwono,job_9,0
Umi Kurniawan,job_2,1
Umi Kurniawan,job_6,1
Umi Sukmawati,job_1,0
Umi Sukmawati,job_6,0
Umi Wicaksono,job_5,0
Umi Wicaksono,job_3,1
Umi Sutanto,job_6,0
Umi Sutanto,job_2,1
Umi Wicaksono,job_2,1
Umi Wicaksono,job_4,0
Umi Prabowo,job_7,0
Umi Prabowo,job_6,1
Umi Haryanto,job_7,0
Umi Haryanto,job_4,0
Umi Lestari,job_9,1
Umi Lestari,job_1,1
Umi Nugroho,job_2,0
Umi Nugroho,job_4,1
Umi Siregar,job_5,0
Umi Siregar,job_8,1
Umi Yulianto,job_8,0
Umi Yulianto,job_6,1
Umi Kusuma,job_8,1
Umi Kusuma,job_0,1
Umi Hidayat,job_6,0
Umi Hidayat,job_7,0
Umi Purnama,job_2,0
Umi Purnama,job_3,1
Vina Santoso,job_9,1
Vina Santoso,job_5,0
Vina Wibowo,job_0,0
Vina Wibowo,job_4,0
Vina Utami,job_6,0
Vina Utami,job_4,0
Vina Saputra,job_6,1
Vina Saputra,job_1,1
Vina Wijaya,job_2,1
Vina Wijaya,job_0,1
Vina Halim,job_7,1
Vina Halim,job_5,1
Vina Ramadhan,job_9,0
Vina Ramadhan,job_6,0
Vina Hernawan,job_7,1
Vina Hernawan,job_8,0
Vina Fauzi,job_2,0
Vina Fauzi,job_5,0
Vina Permata,job_2,1
Vina Permata,job_4,0
Vina Suryanto,job_3,1
Vina Suryanto,job_8,1
Vina Prabowo,job_4,1
Vina Prabowo,job_0,0
Vina Sihombing,job_4,0
Vina Sihombing,job_9,1
Vina Gunawan,job_7,0
Vina Gunawan,job_5,0
Vina Lestari,job_1,1
Vina Lestari,job_9,1
Vina Nugroho,job_7,0
Vina Nugroho,job_4,1
Vina Siregar,job_7,1
Vina Siregar,job_1,0
Vina Yulianto,job_6,1
Vina Yulianto,job_3,1
Vina Kusuma,job_2,1
Vina Kusuma,job_7,1
Vina Hidayat,job_8,1
Vina Hidayat,job_9,1
Vina Purnama,job_1,1
Vina Purnama,job_7,1
Vina aditya,job_8,0
Vina aditya,job_0,1
Vina Prasetyo,job_6,0
Vina Prasetyo,job_3,1
Vina Sutrisno,job_3,1
Vina Sutrisno,job_0,0
Vina Wulandari,job_3,0
Vina Wulandari,job_5,0
Vina Siregar,job_2,0
Vina Siregar,job_4,1
Vina Haryanto,job_3,1
Vina Haryanto,job_4,0
Vina Larasati,job_1,1
Vina Larasati,job_8,0
Vina Prabuwono,job_7,0
Vina Prabuwono,job_9,1
Vina Kurniawan,job_1,1
Vina Kurniawan,job_6,1
Vina Sukmawati,job_4,0
Vina Sukmawati,job_9,0
Vina Wicaksono,job_4,1
Vina Wicaksono,job_9,0
Vina Sutanto,job_3,0
Vina Sutanto,job_8,0
Vina Wicaksono,job_7,0
Vina Wicaksono,job_3,0
Vina Prabowo,job_1,0
Vina Prabowo,job_0,0
Vina Haryanto,job_5,1
Vina Haryanto,job_3,1
Vina Lestari,job_8,0
Vina Lestari,job_7,1
Vina Nugroho,job_4,1
Vina Nugroho,job_8,0
Vina Siregar,job_9,0
Vina Siregar,job_6,1
Vina Yulianto,job_2,1
Vina Yulianto,job_0,0
Vina Kusuma,job_7,0
Vina Kusuma,job_2,1
Vina Hidayat,job_7,1
Vina Hidayat,job_2,1
Vina Purnama,job_1,0
Vina Purnama,job_8,1
Wawan Santoso,job_4,1
Wawan Santoso,job_2,0
Wawan Wibowo,job_8,0
Wawan Wibowo,job_3,1
Wawan Utami,job_3,0
Wawan Utami,job_9,1
Wawan Saputra,job_1,1
Wawan Saputra,job_8,1
Wawan Wijaya,job_2,0
Wawan Wijaya,job_3,0
Wawan Halim,job_8,0
Wawan Halim,job_0,0
Wawan Ramadhan,job_3,1
Wawan Ramadhan,job_2,1
Wawan Hernawan,job_1,1
Wawan Hernawan,job_0,1
Wawan Fauzi,job_0,1
Wawan Fauzi,job_9,1
Wawan Permata,job_7,1
Wawan Permata,job_6,1
Wawan Suryanto,job_0,0
Wawan Suryanto,job_8,0
Wawan Prabowo,job_8,0
Wawan Prabowo,job_7,1
Wawan Sihombing,job_8,0
Wawan Sihombing,job_1,1
Wawan Gunawan,job_6,1
Wawan Gunawan,job_1,0
Wawan Lestari,job_3,1
Wawan Lestari,job_8,1
Wawan Nugroho,job_3,1
Wawan Nugroho,job_1,0
Wawan Siregar,job_7,1
Wawan Siregar,job_4,1
Wawan Yulianto,job_8,1
Wawan Yulianto,job_2,1
Wawan Kusuma,job_9,0
Wawan Kusuma,job_5,0
Wawan Hidayat,job_0,1
Wawan Hidayat,job_9,0
Wawan Purnama,job_0,0
Wawan Purnama,job_7,0
Wawan aditya,job_2,1
Wawan aditya,job_0,0
Wawan Prasetyo,job_5,0
Wawan Prasetyo,job_6,1
Wawan Sutrisno,job_0,1
Wawan Sutrisno,job_9,0
Wawan Wulandari,job_6,1
Wawan Wulandari,job_9,1
Wawan Siregar,job_6,1
Wawan Siregar,job_5,1
Wawan Haryanto,job_1,0
Wawan Haryanto,job_3,1
Wawan Larasati,job_7,1
Wawan Larasati,job_8,1
Wawan Prabuwono,job_9,0
Wawan Prabuwono,job_4,0
Wawan Kurniawan,job_8,1
Wawan Kurniawan,job_0,0
Wawan Sukmawati,job_3,1
Wawan Sukmawati,job_6,1
Wawan Wicaksono,job_8,1
Wawan Wicaksono,job_2,0
Wawan Sutanto,job_9,1
Wawan Sutanto,job_6,0
Wawan Wicaksono,job_0,1
Wawan Wicaksono,job_8,1
Wawan Prabowo,job_8,0
Wawan Prabowo,job_9,0
Wawan Haryanto,job_7,0
Wawan Haryanto,job_8,0
Wawan Lestari,job_7,1
Wawan Lestari,job_1,1
Wawan Nugroho,job_9,1
Wawan Nugroho,job_6,0
Wawan Siregar,job_1,0
Wawan Siregar,job_7,1
Wawan Yulianto,job_9,1
Wawan Yulianto,job_3,0
Wawan Kusuma,job_2,0
Wawan Kusuma,job_6,0
Wawan Hidayat,job_5,0
Wawan Hidayat,job_7,0
Wawan Purnama,job_9,0
Wawan Purnama,job_8,1
Xena Santoso,job_0,0
Xena Santoso,job_4,0
Xena Wibowo,job_0,0
Xena Wibowo,job_5,0
Xena Utami,job_7,1
Xena Utami,job_5,1
Xena Saputra,job_1,0
Xena Saputra,job_7,1
Xena Wijaya,job_1,1
Xena Wijaya,job_2,1
Xena Halim,job_2,1
Xena Halim,job_1,0
Xena Ramadhan,job_8,1
Xena Ramadhan,job_2,0
Xena Hernawan,job_9,0
Xena Hernawan,job_6,0
Xena Fauzi,job_2,1
Xena Fauzi,job_9,0
Xena Permata,job_5,1
Xena Permata,job_8,0
Xena Suryanto,job_4,1
Xena Suryanto,job_5,1
Xena Prabowo,job_8,0
Xena Prabowo,job_5,1
Xena Sihombing,job_0,0
Xena Sihombing,job_5,0
Xena Gunawan,job_0,1
Xena Gunawan,job_2,0
Xena Lestari,job_7,1
Xena Lestari,job_0,1
Xena Nugroho,job_0,1
Xena Nugroho,job_1,1
Xena Siregar,job_5,1
Xena Siregar,job_6,1
Xena Yulianto,job_2,0
Xena Yulianto,job_3,1
Xena Kusuma,job_7,1
Xena Kusuma,job_2,0
Xena Hidayat,job_9,0
Xena Hidayat,job_5,0
Xena Purnama,job_4,1
Xena Purnama,job_0,0
Xena aditya,job_8,1
Xena aditya,job_2,1
Xena Prasetyo,job_7,1
Xena Prasetyo,job_3,0
Xena Sutrisno,job_1,0
Xena Sutrisno,job_6,0
Xena Wulandari,job_5,1
Xena Wulandari,job_0,1
Xena Siregar,job_5,1
Xena Siregar,job_8,1
Xena Haryanto,job_0,1
Xena Haryanto,job_1,1
Xena Larasati,job_0,0
Xena Larasati,job_2,0
Xena Prabuwono,job_1,1
Xena Prabuwono,job_9,1
Xena Kurniawan,job_0,1
Xena Kurniawan,job_5,0
Xena Sukmawati,job_7,0
Xena Sukmawati,job_0,1
Xena Wicaksono,job_0,1
Xena Wicaksono,job_9,0
Xena Sutanto,job_9,0
Xena Sutanto,job_5,1
Xena Wicaksono,job_7,0
Xena Wicaksono,job_4,0
Xena Prabowo,job_1,1
Xena Prabowo,job_8,1
Xena Haryanto,job_5,1
Xena Haryanto,job_4,0
Xena Lestari,job_9,0
Xena Lestari,job_8,0
Xena Nugroho,job_9,0
Xena Nugroho,job_3,1
Xena Siregar,job_2,1
Xena Siregar,job_4,1
Xena Yulianto,job_1,0
Xena Yulianto,job_6,1
Xena Kusuma,job_9,0
Xena Kusuma,job_8,0
Xena Hidayat,job_3,0
Xena Hidayat,job_4,1
Xena Purnama,job_1,1
Xena Purnama,job_0,1
Yani Santoso,job_5,0
Yani Santoso,job_8,1
Yani Wibowo,job_2,1
Yani Wibowo,job_1,1
Yani Utami,job_5,1
Yani Utami,job_7,0
Yani Saputra,job_3,0
Yani Saputra,job_5,1
Yani Wijaya,job_8,0
Yani Wijaya,job_0,1
Yani Halim,job_8,1
Yani Halim,job_6,0
Yani Ramadhan,job_3,1
Yani Ramadhan,job_8,0
Yani Hernawan,job_4,0
Yani Hernawan,job_9,0
Yani Fauzi,job_8,0
Yani Fauzi,job_4,1
Yani Permata,job_3,0
Yani Permata,job_6,0
Yani Suryanto,job_4,0
Yani Suryanto,job_6,1
Yani Prabowo,job_5,1
Yani Prabowo,job_9,0
Yani Sihombing,job_4,1
Yani Sihombing,job_0,0
Yani Gunawan,job_5,1
Yani Gunawan,job_9,0
Yani Lestari,job_2,1
Yani Lestari,job_3,0
Yani Nugroho,job_0,0
Yani Nugroho,job_9,1
Yani Siregar,job_5,1
Yani Siregar,job_1,0
Yani Yulianto,job_4,0
Yani Yulianto,job_0,0
Yani Kusuma,job_3,0
Yani Kusuma,job_1,1
Yani Hidayat,job_7,0
Yani Hidayat,job_8,1
Yani Purnama,job_0,1
Yani Purnama,job_2,1
Yani aditya,job_7,1
Yani aditya,job_6,0
Yani Prasetyo,job_2,1
Yani Prasetyo,job_0,0
Yani Sutrisno,job_3,0
Yani Sutrisno,job_5,0
Yani Wulandari,job_1,0
Yani Wulandari,job_2,0
Yani Siregar,job_2,1
Yani Siregar,job_9,1
Yani Haryanto,job_9,0
Yani Haryanto,job_5,1
Yani Larasati,job_2,0
Yani Larasati,job_6,0
Yani Prabuwono,job_0,1
Yani Prabuwono,job_1,1
Yani Kurniawan,job_2,0
Yani Kurniawan,job_5,0
Yani Sukmawati,job_9,0
Yani Sukmawati,job_4,0
Yani Wicaksono,job_5,1
Yani Wicaksono,job_0,1
Yani Sutanto,job_7,0
Yani Sutanto,job_1,0
Yani Wicaksono,job_2,1
Yani Wicaksono,job_7,1
Yani Prabowo,job_5,0
Yani Prabowo,job_9,0
Yani Haryanto,job_1,1
Yani Haryanto,job_0,1
Yani Lestari,job_9,0
Yani Lestari,job_3,0
Yani Nugroho,job_0,0
Yani Nugroho,job_3,1
Yani Siregar,job_0,1
Yani Siregar,job_4,0
Yani Yulianto,job_3,1
Yani Yulianto,job_6,0
Yani Kusuma,job_4,1
Yani Kusuma,job_1,1
Yani Hidayat,job_9,0
Yani Hidayat,job_1,0
Yani Purnama,job_5,0
Yani Purnama,job_2,1
Zaki Santoso,job_3,0
Zaki Santoso,job_5,1
Zaki Wibowo,job_0,1
Zaki Wibowo,job_5,1
Zaki Utami,job_6,0
Zaki Utami,job_7,0
Zaki Saputra,job_0,1
Zaki Saputra,job_6,0
Zaki Wijaya,job_8,1
Zaki Wijaya,job_0,1
Zaki Halim,job_7,1
Zaki Halim,job_9,0
Zaki Ramadhan,job_3,0
Zaki Ramadhan,job_7,0
Zaki Hernawan,job_2,0
Zaki Hernawan,job_3,1
Zaki Fauzi,job_4,1
Zaki Fauzi,job_9,0
Zaki Permata,job_5,1
Zaki Permata,job_3,1
Zaki Suryanto,job_7,0
Zaki Suryanto,job_6,0
Zaki Prabowo,job_5,1
Zaki Prabowo,job_9,1
Zaki Sihombing,job_5,1
Zaki Sihombing,job_0,1
Zaki Gunawan,job_6,1
Zaki Gunawan,job_5,0
Zaki Lestari,job_2,1
Zaki Lestari,job_4,1
Zaki Nugroho,job_2,0
Zaki Nugroho,job_0,0
Zaki Siregar,job_9,1
Zaki Siregar,job_2,1
Zaki Yulianto,job_5,1
Zaki Yulianto,job_1,0
Zaki Kusuma,job_0,0
Zaki Kusuma,job_9,0
Zaki Hidayat,job_0,1
Zaki Hidayat,job_5,0
Zaki Purnama,job_8,0
Zaki Purnama,job_9,0
Zaki aditya,job_3,1
Zaki aditya,job_0,0
Zaki Prasetyo,job_1,1
Zaki Prasetyo,job_6,1
Zaki Sutrisno,job_2,1
Zaki Sutrisno,job_0,0
Zaki Wulandari,job_7,0
Zaki Wulandari,job_5,0
Zaki Siregar,job_8,1
Zaki Siregar,job_9,0
Zaki Haryanto,job_2,1
Zaki Haryanto,job_1,0
Zaki Larasati,job_6,1
Zaki Larasati,job_4,1
Zaki Prabuwono,job_3,1
Zaki Prabuwono,job_6,0
Zaki Kurniawan,job_0,0
Zaki Kurniawan,job_2,1
Zaki Sukmawati,job_2,1
Zaki Sukmawati,job_1,0
Zaki Wicaksono,job_0,1
Zaki Wicaksono,job_2,0
Zaki Sutanto,job_1,0
Zaki Sutanto,job_5,1
Zaki Wicaksono,job_8,1
Zaki Wicaksono,job_0,1
Zaki Prabowo,job_2,0
Zaki Prabowo,job_1,0
Zaki Haryanto,job_2,1
Zaki Haryanto,job_1,0
Zaki Lestari,job_1,0
Zaki Lestari,job_8,0
Zaki Nugroho,job_0,0
Zaki Nugroho,job_5,1
Zaki Siregar,job_1,1
Zaki Siregar,job_8,1
Zaki Yulianto,job_5,0
Zaki Yulianto,job_8,0
Zaki Kusuma,job_5,0
Zaki Kusuma,job_7,1
Zaki Hidayat,job_1,1
Zaki Hidayat,job_6,1
Zaki Purnama,job_0,0
Zaki Purnama,job_5,0
Ayu Santoso,job_9,1
Ayu Santoso,job_3,0
Ayu Wibowo,job_9,0
Ayu Wibowo,job_2,1
Ayu Utami,job_2,1
Ayu Utami,job_8,0
Ayu Saputra,job_4,0
Ayu Saputra,job_0,0
Ayu Wijaya,job_2,0
Ayu Wijaya,job_9,1
Ayu Halim,job_0,1
Ayu Halim,job_9,1
Ayu Ramadhan,job_4,1
Ayu Ramadhan,job_8,0
Ayu Hernawan,job_3,0
Ayu Hernawan,job_2,1
Ayu Fauzi,job_4,1
Ayu Fauzi,job_1,1
Ayu Permata,job_4,0
Ayu Permata,job_3,0
Ayu Suryanto,job_8,1
Ayu Suryanto,job_1,0
Ayu Prabowo,job_5,0
Ayu Prabowo,job_3,0
Ayu Sihombing,job_0,1
Ayu Sihombing,job_2,1
Ayu Gunawan,job_0,0
Ayu Gunawan,job_4,0
Ayu Lestari,job_3,1
Ayu Lestari,job_2,1
Ayu Nugroho,job_5,0
Ayu Nugroho,job_2,1
Ayu Siregar,job_5,1
Ayu Siregar,job_3,1
Ayu Yulianto,job_2,1
Ayu Yulianto,job_8,1
Ayu Kusuma,job_0,1
Ayu Kusuma,job_6,1
Ayu Hidayat,job_0,0
Ayu Hidayat,job_5,1
Ayu Purnama,job_7,1
Ayu Purnama,job_9,1
Ayu aditya,job_9,0
Ayu aditya,job_1,1
Ayu Prasetyo,job_1,0
Ayu Prasetyo,job_0,0
Ayu Sutrisno,job_1,0
Ayu Sutrisno,job_6,0
Ayu Wulandari,job_1,1
Ayu Wulandari,job_7,0
Ayu Siregar,job_0,1
Ayu Siregar,job_2,0
Ayu Haryanto,job_3,0
Ayu Haryanto,job_1,1
Ayu Larasati,job_3,0
Ayu Larasati,job_8,1
Ayu Prabuwono,job_6,1
Ayu Prabuwono,job_9,0
Ayu Kurniawan,job_3,0
Ayu Kurniawan,job_1,1
Ayu Sukmawati,job_0,1
Ayu Sukmawati,job_5,0
Ayu Wicaksono,job_6,0
Ayu Wicaksono,job_9,0
Ayu Sutanto,job_0,1
Ayu Sutanto,job_6,1
Ayu Wicaksono,job_2,0
Ayu Wicaksono,job_1,0
Ayu Prabowo,job_5,1
Ayu Prabowo,job_9,1
Ayu Haryanto,job_4,0
Ayu Haryanto,job_9,0
Ayu Lestari,job_6,0
Ayu Lestari,job_9,0
Ayu Nugroho,job_9,0
Ayu Nugroho,job_3,0
Ayu Siregar,job_5,1
Ayu Siregar,job_0,0
Ayu Yulianto,job_2,1
Ayu Yulianto,job_7,0
Ayu Kusuma,job_6,1
Ayu Kusuma,job_2,0
Ayu Hidayat,job_1,0
Ayu Hidayat,job_4,1
Ayu Purnama,job_6,0
Ayu Purnama,job_2,0
Bima Santoso,job_8,1
Bima Santoso,job_5,1
Bima Wibowo,job_8,0
Bima Wibowo,job_9,0
Bima Utami,job_8,0
Bima Utami,job_7,1
Bima Saputra,job_9,0
Bima Saputra,job_1,0
Bima Wijaya,job_2,0
Bima Wijaya,job_3,0
Bima Halim,job_1,1
Bima Halim,job_6,1
Bima Ramadhan,job_5,0
Bima Ramadhan,job_3,0
Bima Hernawan,job_4,0
Bima Hernawan,job_7,1
Bima Fauzi,job_5,1
Bima Fauzi,job_0,1
Bima Permata,job_3,0
Bima Permata,job_4,0
Bima Suryanto,job_0,1
Bima Suryanto,job_3,0
Bima Prabowo,job_5,1
Bima Prabowo,job_8,1
Bima Sihombing,job_4,0
Bima Sihombing,job_5,0
Bima Gunawan,job_6,0
Bima Gunawan,job_4,0
Bima Lestari,job_6,0
Bima Lestari,job_4,0
Bima Nugroho,job_5,1
Bima Nugroho,job_3,1
Bima Siregar,job_5,0
Bima Siregar,job_7,1
Bima Yulianto,job_6,1
Bima Yulianto,job_8,0
Bima Kusuma,job_6,0
Bima Kusuma,job_3,1
Bima Hidayat,job_2,1
Bima Hidayat,job_5,1
Bima Purnama,job_0,0
Bima Purnama,job_5,0
Bima aditya,job_4,1
Bima aditya,job_8,1
Bima Prasetyo,job_6,1
Bima Prasetyo,job_2,0
Bima Sutrisno,job_9,1
Bima Sutrisno,job_6,0
Bima Wulandari,job_2,0
Bima Wulandari,job_1,1
Bima Siregar,job_7,1
Bima Siregar,job_4,1
Bima Haryanto,job_9,1
Bima Haryanto,job_1,1
Bima Larasati,job_4,0
Bima Larasati,job_0,0
Bima Prabuwono,job_8,1
Bima Prabuwono,job_3,0
Bima Kurniawan,job_6,1
Bima Kurniawan,job_1,1
Bima Sukmawati,job_4,0
Bima Sukmawati,job_3,1
Bima Wicaksono,job_9,1
Bima Wicaksono,job_6,0
Bima Sutanto,job_3,0
Bima Sutanto,job_1,1
Bima Wicaksono,job_0,0
Bima Wicaksono,job_9,0
Bima Prabowo,job_1,0
Bima Prabowo,job_7,0
Bima Haryanto,job_2,0
Bima Haryanto,job_9,1
Bima Lestari,job_8,1
Bima Lestari,job_7,0
Bima Nugroho,job_4,1
Bima Nugroho,job_5,1
Bima Siregar,job_4,1
Bima Siregar,job_2,0
Bima Yulianto,job_7,1
Bima Yulianto,job_4,0
Bima Kusuma,job_7,1
Bima Kusuma,job_0,1
Bima Hidayat,job_2,0
Bima Hidayat,job_0,1
Bima Purnama,job_5,1
Bima Purnama,job_2,1
Cahya Santoso,job_7,0
Cahya Santoso,job_2,1
Cahya Wibowo,job_5,1
Cahya Wibowo,job_6,0
Cahya Utami,job_1,0
Cahya Utami,job_4,0
Cahya Saputra,job_0,0
Cahya Saputra,job_5,0
Cahya Wijaya,job_8,1
Cahya Wijaya,job_1,0
Cahya Halim,job_5,0
Cahya Halim,job_8,1
Cahya Ramadhan,job_0,1
Cahya Ramadhan,job_2,0
Cahya Hernawan,job_2,1
Cahya Hernawan,job_1,1
Cahya Fauzi,job_3,0
Cahya Fauzi,job_1,0
Cahya Permata,job_3,0
Cahya Permata,job_1,1
Cahya Suryanto,job_6,0
Cahya Suryanto,job_8,0
Cahya Prabowo,job_7,0
Cahya Prabowo,job_2,1
Cahya Sihombing,job_3,0
Cahya Sihombing,job_6,1
Cahya Gunawan,job_2,0
Cahya Gunawan,job_8,1
Cahya Lestari,job_0,1
Cahya Lestari,job_2,1
Cahya Nugroho,job_7,1
Cahya Nugroho,job_3,1
Cahya Siregar,job_9,0
Cahya Siregar,job_5,0
Cahya Yulianto,job_3,1
Cahya Yulianto,job_9,1
Cahya Kusuma,job_7,1
Cahya Kusuma,job_3,1
Cahya Hidayat,job_8,1
Cahya Hidayat,job_2,1
Cahya Purnama,job_7,0
Cahya Purnama,job_3,1
Cahya aditya,job_3,0
Cahya aditya,job_6,0
Cahya Prasetyo,job_0,1
Cahya Prasetyo,job_7,0
Cahya Sutrisno,job_8,1
Cahya Sutrisno,job_7,1
Cahya Wulandari,job_9,0
Cahya Wulandari,job_7,1
Cahya Siregar,job_8,0
Cahya Siregar,job_2,1
Cahya Haryanto,job_0,1
Cahya Haryanto,job_1,1
Cahya Larasati,job_6,1
Cahya Larasati,job_1,0
Cahya Prabuwono,job_8,0
Cahya Prabuwono,job_3,0
Cahya Kurniawan,job_8,0
Cahya Kurniawan,job_2,0
Cahya Sukmawati,job_7,0
Cahya Sukmawati,job_6,0
Cahya Wicaksono,job_8,0
Cahya Wicaksono,job_4,0
Cahya Sutanto,job_5,0
Cahya Sutanto,job_7,1
Cahya Wicaksono,job_3,0
Cahya Wicaksono,job_9,0
Cahya Prabowo,job_2,0
Cahya Prabowo,job_9,0
Cahya Haryanto,job_1,1
Cahya Haryanto,job_4,1
Cahya Lestari,job_8,0
Cahya Lestari,job_2,1
Cahya Nugroho,job_2,0
Cahya Nugroho,job_9,1
Cahya Siregar,job_0,1
Cahya Siregar,job_6,0
Cahya Yulianto,job_5,1
Cahya Yulianto,job_3,1
Cahya Kusuma,job_6,0
Cahya Kusuma,job_3,0
Cahya Hidayat,job_7,1
Cahya Hidayat,job_3,0
Cahya Purnama,job_8,1
Cahya Purnama,job_0,0
Dimas Santoso,job_7,1
Dimas Santoso,job_4,1
Dimas Wibowo,job_7,1
Dimas Wibowo,job_5,0
Dimas Utami,job_4,0
Dimas Utami,job_1,1
Dimas Saputra,job_0,1
Dimas Saputra,job_1,1
Dimas Wijaya,job_6,1
Dimas Wijaya,job_0,1
Dimas Halim,job_6,0
Dimas Halim,job_3,0
Dimas Ramadhan,job_5,1
Dimas Ramadhan,job_6,0
Dimas Hernawan,job_7,1
Dimas Hernawan,job_0,1
Dimas Fauzi,job_1,0
Dimas Fauzi,job_2,0
Dimas Permata,job_5,0
Dimas Permata,job_1,0
Dimas Suryanto,job_1,1
Dimas Suryanto,job_9,0
Dimas Prabowo,job_5,1
Dimas Prabowo,job_9,1
Dimas Sihombing,job_1,0
Dimas Sihombing,job_6,1
Dimas Gunawan,job_5,0
Dimas Gunawan,job_7,1
Dimas Lestari,job_2,0
Dimas Lestari,job_0,1
Dimas Nugroho,job_2,1
Dimas Nugroho,job_0,0
Dimas Siregar,job_2,1
Dimas Siregar,job_0,0
Dimas Yulianto,job_7,1
Dimas Yulianto,job_1,0
Dimas Kusuma,job_2,1
Dimas Kusuma,job_4,1
Dimas Hidayat,job_3,0
Dimas Hidayat,job_6,0
Dimas Purnama,job_7,0
Dimas Purnama,job_8,1
Dimas aditya,job_0,1
Dimas aditya,job_8,1
Dimas Prasetyo,job_6,0
Dimas Prasetyo,job_7,1
Dimas Sutrisno,job_9,1
Dimas Sutrisno,job_2,1
Dimas Wulandari,job_0,0
Dimas Wulandari,job_7,0
Dimas Siregar,job_8,1
Dimas Siregar,job_9,0
Dimas Haryanto,job_6,1
Dimas Haryanto,job_5,0
Dimas Larasati,job_3,1
Dimas Larasati,job_4,0
Dimas Prabuwono,job_6,1
Dimas Prabuwono,job_5,1
Dimas Kurniawan,job_8,1
Dimas Kurniawan,job_5,1
Dimas Sukmawati,job_0,1
Dimas Sukmawati,job_2,1
Dimas Wicaksono,job_0,1
Dimas Wicaksono,job_5,1
Dimas Sutanto,job_4,0
Dimas Sutanto,job_7,1
Dimas Wicaksono,job_0,1
Dimas Wicaksono,job_9,0
Dimas Prabowo,job_8,1
Dimas Prabowo,job_7,1
Dimas Haryanto,job_6,1
Dimas Haryanto,job_7,1
Dimas Lestari,job_9,0
Dimas Lestari,job_7,0
Dimas Nugroho,job_1,0
Dimas Nugroho,job_6,1
Dimas Siregar,job_5,1
Dimas Siregar,job_6,1
Dimas Yulianto,job_5,1
Dimas Yulianto,job_0,1
Dimas Kusuma,job_5,1
Dimas Kusuma,job_3,1
Dimas Hidayat,job_6,0
Dimas Hidayat,job_4,0
Dimas Purnama,job_7,1
Dimas Purnama,job_9,0
Eko Santoso,job_9,1
Eko Santoso,job_5,0
Eko Wibowo,job_3,1
Eko Wibowo,job_5,0
Eko Utami,job_9,0
Eko Utami,job_7,1
Eko Saputra,job_5,1
Eko Saputra,job_1,1
Eko Wijaya,job_6,0
Eko Wijaya,job_3,1
Eko Halim,job_1,0
Eko Halim,job_5,0
Eko Ramadhan,job_9,0
Eko Ramadhan,job_8,0
Eko Hernawan,job_9,1
Eko Hernawan,job_6,1
Eko Fauzi,job_6,1
Eko Fauzi,job_3,1
Eko Permata,job_4,1
Eko Permata,job_9,1
Eko Suryanto,job_4,0
Eko Suryanto,job_1,1
Eko Prabowo,job_1,0
Eko Prabowo,job_6,0
Eko Sihombing,job_3,0
Eko Sihombing,job_9,0
Eko Gunawan,job_4,0
Eko Gunawan,job_9,1
Eko Lestari,job_9,0
Eko Lestari,job_4,1
Eko Nugroho,job_8,1
Eko Nugroho,job_9,1
Eko Siregar,job_9,1
Eko Siregar,job_5,1
Eko Yulianto,job_7,0
Eko Yulianto,job_3,0
Eko Kusuma,job_8,1
Eko Kusuma,job_9,0
Eko Hidayat,job_1,1
Eko Hidayat,job_3,0
Eko Purnama,job_9,1
Eko Purnama,job_7,0
Eko aditya,job_1,1
Eko aditya,job_7,0
Eko Prasetyo,job_4,1
Eko Prasetyo,job_8,1
Eko Sutrisno,job_6,1
Eko Sutrisno,job_5,0
Eko Wulandari,job_2,1
Eko Wulandari,job_9,1
Eko Siregar,job_4,1
Eko Siregar,job_9,0
Eko Haryanto,job_6,1
Eko Haryanto,job_1,0
Eko Larasati,job_9,0
Eko Larasati,job_0,1
Eko Prabuwono,job_5,1
Eko Prabuwono,job_1,1
Eko Kurniawan,job_7,0
Eko Kurniawan,job_5,0
Eko Sukmawati,job_8,1
Eko Sukmawati,job_6,0
Eko Wicaksono,job_7,0
Eko Wicaksono,job_0,0
Eko Sutanto,job_1,0
Eko Sutanto,job_3,1
Eko Wicaksono,job_5,1
Eko Wicaksono,job_8,1
Eko Prabowo,job_5,1
Eko Prabowo,job_6,1
Eko Haryanto,job_3,0
Eko Haryanto,job_8,1
Eko Lestari,job_3,0
Eko Lestari,job_4,1
Eko Nugroho,job_6,0
Eko Nugroho,job_2,0
Eko Siregar,job_0,1
Eko Siregar,job_3,1
Eko Yulianto,job_2,0
Eko Yulianto,job_4,0
Eko Kusuma,job_0,1
Eko Kusuma,job_4,0
Eko Hidayat,job_9,0
Eko Hidayat,job_6,0
Eko Purnama,job_6,0
Eko Purnama,job_8,1
Fika Santoso,job_5,1
Fika Santoso,job_2,1
Fika Wibowo,job_9,1
Fika Wibowo,job_0,0
Fika Utami,job_1,1
Fika Utami,job_7,1
Fika Saputra,job_7,1
Fika Saputra,job_4,1
Fika Wijaya,job_3,1
Fika Wijaya,job_5,1
Fika Halim,job_5,1
Fika Halim,job_0,0
Fika Ramadhan,job_9,1
Fika Ramadhan,job_4,1
Fika Hernawan,job_7,0
Fika Hernawan,job_5,1
Fika Fauzi,job_2,1
Fika Fauzi,job_3,0
Fika Permata,job_2,1
Fika Permata,job_3,1
Fika Suryanto,job_5,0
Fika Suryanto,job_6,1
Fika Prabowo,job_3,1
Fika Prabowo,job_0,1
Fika Sihombing,job_4,0
Fika Sihombing,job_6,1
Fika Gunawan,job_1,0
Fika Gunawan,job_6,1
Fika Lestari,job_0,0
Fika Lestari,job_7,1
Fika Nugroho,job_7,0
Fika Nugroho,job_5,1
Fika Siregar,job_0,1
Fika Siregar,job_2,1
Fika Yulianto,job_0,0
Fika Yulianto,job_1,1
Fika Kusuma,job_3,0
Fika Kusuma,job_8,0
Fika Hidayat,job_2,1
Fika Hidayat,job_3,1
Fika Purnama,job_2,1
Fika Purnama,job_0,1
Fika aditya,job_1,1
Fika aditya,job_0,0
Fika Prasetyo,job_2,1
Fika Prasetyo,job_9,0
Fika Sutrisno,job_0,0
Fika Sutrisno,job_7,1
Fika Wulandari,job_4,0
Fika Wulandari,job_8,0
Fika Siregar,job_1,1
Fika Siregar,job_7,0
Fika Haryanto,job_5,0
Fika Haryanto,job_4,0
Fika Larasati,job_9,0
Fika Larasati,job_2,1
Fika Prabuwono,job_5,1
Fika Prabuwono,job_8,0
Fika Kurniawan,job_7,0
Fika Kurniawan,job_2,1
Fika Sukmawati,job_2,1
Fika Sukmawati,job_5,0
Fika Wicaksono,job_2,1
Fika Wicaksono,job_9,1
Fika Sutanto,job_9,1
Fika Sutanto,job_5,0
Fika Wicaksono,job_4,0
Fika Wicaksono,job_9,0
Fika Prabowo,job_2,1
Fika Prabowo,job_3,1
Fika Haryanto,job_7,0
Fika Haryanto,job_1,1
Fika Lestari,job_1,0
Fika Lestari,job_9,1
Fika Nugroho,job_7,1
Fika Nugroho,job_8,1
Fika Siregar,job_8,0
Fika Siregar,job_6,0
Fika Yulianto,job_0,0
Fika Yulianto,job_1,1
Fika Kusuma,job_7,0
Fika Kusuma,job_4,0
Fika Hidayat,job_3,1
Fika Hidayat,job_2,1
Fika Purnama,job_9,0
Fika Purnama,job_4,1
Gilang Santoso,job_5,0
Gilang Santoso,job_1,1
Gilang Wibowo,job_2,0
Gilang Wibowo,job_7,0
Gilang Utami,job_3,0
Gilang Utami,job_9,1
Gilang Saputra,job_0,0
Gilang Saputra,job_5,1
Gilang Wijaya,job_1,1
Gilang Wijaya,job_6,0
Gilang Halim,job_4,0
Gilang Halim,job_6,1
Gilang Ramadhan,job_3,0
Gilang Ramadhan,job_0,0
Gilang Hernawan,job_3,1
Gilang Hernawan,job_4,1
Gilang Fauzi,job_0,1
Gilang Fauzi,job_4,0
Gilang Permata,job_8,1
Gilang Permata,job_5,0
Gilang Suryanto,job_2,0
Gilang Suryanto,job_0,0
Gilang Prabowo,job_6,1
Gilang Prabowo,job_8,1
Gilang Sihombing,job_5,0
Gilang Sihombing,job_3,1
Gilang Gunawan,job_4,1
Gilang Gunawan,job_2,0
Gilang Lestari,job_3,0
Gilang Lestari,job_2,1
Gilang Nugroho,job_5,1
Gilang Nugroho,job_6,1
Gilang Siregar,job_7,1
Gilang Siregar,job_9,1
Gilang Yulianto,job_5,1
Gilang Yulianto,job_2,1
Gilang Kusuma,job_6,1
Gilang Kusuma,job_5,1
Gilang Hidayat,job_9,1
Gilang Hidayat,job_2,1
Gilang Purnama,job_2,1
Gilang Purnama,job_9,1
Gilang aditya,job_5,1
Gilang aditya,job_6,1
Gilang Prasetyo,job_5,0
Gilang Prasetyo,job_9,0
Gilang Sutrisno,job_6,0
Gilang Sutrisno,job_3,0
Gilang Wulandari,job_2,1
Gilang Wulandari,job_6,0
Gilang Siregar,job_4,1
Gilang Siregar,job_2,1
Gilang Haryanto,job_5,0
Gilang Haryanto,job_4,1
Gilang Larasati,job_8,1
Gilang Larasati,job_5,1
Gilang Prabuwono,job_1,0
Gilang Prabuwono,job_3,0
Gilang Kurniawan,job_0,1
Gilang Kurniawan,job_9,0
Gilang Sukmawati,job_3,1
Gilang Sukmawati,job_2,0
Gilang Wicaksono,job_2,1
Gilang Wicaksono,job_9,0
Gilang Sutanto,job_1,0
Gilang Sutanto,job_5,1
Gilang Wicaksono,job_1,1
Gilang Wicaksono,job_5,0
Gilang Prabowo,job_8,1
Gilang Prabowo,job_6,0
Gilang Haryanto,job_4,1
Gilang Haryanto,job_0,1
Gilang Lestari,job_8,1
Gilang Lestari,job_5,1
Gilang Nugroho,job_6,0
Gilang Nugroho,job_4,0
Gilang Siregar,job_0,0
Gilang Siregar,job_9,1
Gilang Yulianto,job_8,1
Gilang Yulianto,job_7,1
Gilang Kusuma,job_3,1
Gilang Kusuma,job_5,0
Gilang Hidayat,job_6,1
Gilang Hidayat,job_9,0
Gilang Purnama,job_4,0
Gilang Purnama,job_1,0
Hana Santoso,job_3,0
Hana Santoso,job_4,1
Hana Wibowo,job_2,0
Hana Wibowo,job_6,1
Hana Utami,job_3,1
Hana Utami,job_2,0
Hana Saputra,job_0,1
Hana Saputra,job_4,1
Hana Wijaya,job_3,1
Hana Wijaya,job_1,0
Hana Halim,job_8,1
Hana Halim,job_1,0
Hana Ramadhan,job_7,0
Hana Ramadhan,job_2,1
Hana Hernawan,job_9,1
Hana Hernawan,job_4,0
Hana Fauzi,job_2,0
Hana Fauzi,job_8,1
Hana Permata,job_8,1
Hana Permata,job_0,0
Hana Suryanto,job_6,1
Hana Suryanto,job_9,0
Hana Prabowo,job_2,1
Hana Prabowo,job_0,1
Hana Sihombing,job_3,1
Hana Sihombing,job_2,1
Hana Gunawan,job_6,0
Hana Gunawan,job_3,1
Hana Lestari,job_0,0
Hana Lestari,job_5,1
Hana Nugroho,job_8,1
Hana Nugroho,job_3,1
Hana Siregar,job_5,0
Hana Siregar,job_8,0
Hana Yulianto,job_9,1
Hana Yulianto,job_2,1
Hana Kusuma,job_9,1
Hana Kusuma,job_0,1
Hana Hidayat,job_6,0
Hana Hidayat,job_2,1
Hana Purnama,job_3,1
Hana Purnama,job_9,1
Hana aditya,job_3,0
Hana aditya,job_8,1
Hana Prasetyo,job_3,0
Hana Prasetyo,job_9,0
Hana Sutrisno,job_1,1
Hana Sutrisno,job_8,1
Hana Wulandari,job_8,1
Hana Wulandari,job_6,0
Hana Siregar,job_3,0
Hana Siregar,job_6,0
Hana Haryanto,job_1,0
Hana Haryanto,job_0,1
Hana Larasati,job_8,1
Hana Larasati,job_2,1
Hana Prabuwono,job_9,1
Hana Prabuwono,job_2,0
Hana Kurniawan,job_8,1
Hana Kurniawan,job_3,1
Hana Sukmawati,job_9,0
Hana Sukmawati,job_1,1
Hana Wicaksono,job_0,0
Hana Wicaksono,job_6,1
Hana Sutanto,job_6,0
Hana Sutanto,job_1,1
Hana Wicaksono,job_5,1
Hana Wicaksono,job_2,0
Hana Prabowo,job_8,1
Hana Prabowo,job_9,0
Hana Haryanto,job_4,0
Hana Haryanto,job_3,0
Hana Lestari,job_7,0
Hana Lestari,job_9,1
Hana Nugroho,job_8,1
Hana Nugroho,job_1,1
Hana Siregar,job_9,0
Hana Siregar,job_8,1
Hana Yulianto,job_4,0
Hana Yulianto,job_5,1
Hana Kusuma,job_0,0
Hana Kusuma,job_2,1
Hana Hidayat,job_6,1
Hana Hidayat,job_8,1
Hana Purnama,job_5,1
Hana Purnama,job_1,1
Ika Santoso,job_4,0
Ika Santoso,job_8,0
Ika Wibowo,job_2,1
Ika Wibowo,job_5,0
Ika Utami,job_6,0
Ika Utami,job_0,0
Ika Saputra,job_2,0
Ika Saputra,job_0,0
Ika Wijaya,job_2,1
Ika Wijaya,job_6,0
Ika Halim,job_4,1
Ika Halim,job_1,1
Ika Ramadhan,job_6,1
Ika Ramadhan,job_7,1
Ika Hernawan,job_9,1
Ika Hernawan,job_7,0
Ika Fauzi,job_4,1
Ika Fauzi,job_8,0
Ika Permata,job_9,0
Ika Permata,job_4,1
Ika Suryanto,job_8,0
Ika Suryanto,job_3,0
Ika Prabowo,job_4,1
Ika Prabowo,job_1,1
Ika Sihombing,job_7,0
Ika Sihombing,job_8,1
Ika Gunawan,job_6,0
Ika Gunawan,job_8,1
Ika Lestari,job_6,1
Ika Lestari,job_4,0
Ika Nugroho,job_4,1
Ika Nugroho,job_9,1
Ika Siregar,job_2,0
Ika Siregar,job_8,0
Ika Yulianto,job_5,1
Ika Yulianto,job_2,0
Ika Kusuma,job_0,1
Ika Kusuma,job_2,0
Ika Hidayat,job_0,1
Ika Hidayat,job_6,1
Ika Purnama,job_0,0
Ika Purnama,job_9,1
Ika aditya,job_8,1
Ika aditya,job_4,1
Ika Prasetyo,job_3,1
Ika Prasetyo,job_0,1
Ika Sutrisno,job_8,0
Ika Sutrisno,job_3,0
Ika Wulandari,job_5,1
Ika Wulandari,job_7,0
Ika Siregar,job_8,0
Ika Siregar,job_3,0
Ika Haryanto,job_4,0
Ika Haryanto,job_1,1
Ika Larasati,job_3,1
Ika Larasati,job_0,0
Ika Prabuwono,job_5,1
Ika Prabuwono,job_0,1
Ika Kurniawan,job_5,0
Ika Kurniawan,job_6,0
Ika Sukmawati,job_9,0
Ika Sukmawati,job_5,1
Ika Wicaksono,job_5,1
Ika Wicaksono,job_6,1
Ika Sutanto,job_9,0
Ika Sutanto,job_3,0
Ika Wicaksono,job_4,1
Ika Wicaksono,job_6,1
Ika Prabowo,job_7,1
Ika Prabowo,job_0,1
Ika Haryanto,job_2,0
Ika Haryanto,job_6,0
Ika Lestari,job_0,0
Ika Lestari,job_1,1
Ika Nugroho,job_5,1
Ika Nugroho,job_1,1
Ika Siregar,job_4,0
Ika Siregar,job_9,1
Ika Yulianto,job_9,1
Ika Yulianto,job_0,1
Ika Kusuma,job_5,1
Ika Kusuma,job_6,0
Ika Hidayat,job_5,1
Ika Hidayat,job_2,1
Ika Purnama,job_2,1
Ika Purnama,job_9,0
Jaya Santoso,job_9,0
Jaya Santoso,job_6,1
Jaya Wibowo,job_6,1
Jaya Wibowo,job_2,0
Jaya Utami,job_1,1
Jaya Utami,job_0,1
Jaya Saputra,job_4,0
Jaya Saputra,job_7,1
Jaya Wijaya,job_4,0
Jaya Wijaya,job_7,1
Jaya Halim,job_4,1
Jaya Halim,job_5,1
Jaya Ramadhan,job_6,1
Jaya Ramadhan,job_5,0
Jaya Hernawan,job_3,1
Jaya Hernawan,job_8,1
Jaya Fauzi,job_1,1
Jaya Fauzi,job_2,0
Jaya Permata,job_3,1
Jaya Permata,job_1,0
Jaya Suryanto,job_9,1
Jaya Suryanto,job_0,1
Jaya Prabowo,job_2,0
Jaya Prabowo,job_9,0
Jaya Sihombing,job_1,1
Jaya Sihombing,job_7,0
Jaya Gunawan,job_2,1
Jaya Gunawan,job_7,1
Jaya Lestari,job_4,0
Jaya Lestari,job_8,0
Jaya Nugroho,job_9,1
Jaya Nugroho,job_5,0
Jaya Siregar,job_5,1
Jaya Siregar,job_8,1
Jaya Yulianto,job_4,1
Jaya Yulianto,job_2,1
Jaya Kusuma,job_5,1
Jaya Kusuma,job_1,0
Jaya Hidayat,job_5,1
Jaya Hidayat,job_7,1
Jaya Purnama,job_1,1
Jaya Purnama,job_0,1
Jaya aditya,job_0,1
Jaya aditya,job_5,1
Jaya Prasetyo,job_7,1
Jaya Prasetyo,job_9,0
Jaya Sutrisno,job_5,1
Jaya Sutrisno,job_3,1
Jaya Wulandari,job_7,0
Jaya Wulandari,job_8,0
Jaya Siregar,job_4,0
Jaya Siregar,job_1,0
Jaya Haryanto,job_1,1
Jaya Haryanto,job_5,0
Jaya Larasati,job_9,1
Jaya Larasati,job_7,1
Jaya Prabuwono,job_9,1
Jaya Prabuwono,job_3,1
Jaya Kurniawan,job_8,1
Jaya Kurniawan,job_9,1
Jaya Sukmawati,job_8,1
Jaya Sukmawati,job_3,0
Jaya Wicaksono,job_1,1
Jaya Wicaksono,job_3,0
Jaya Sutanto,job_9,0
Jaya Sutanto,job_2,1
Jaya Wicaksono,job_7,1
Jaya Wicaksono,job_8,1
Jaya Prabowo,job_8,1
Jaya Prabowo,job_1,1
Jaya Haryanto,job_8,1
Jaya Haryanto,job_7,1
Jaya Lestari,job_8,1
Jaya Lestari,job_6,1
Jaya Nugroho,job_5,1
Jaya Nugroho,job_2,0
Jaya Siregar,job_6,0
Jaya Siregar,job_5,1
Jaya Yulianto,job_5,1
Jaya Yulianto,job_3,0
Jaya Kusuma,job_8,1
Jaya Kusuma,job_0,0
Jaya Hidayat,job_1,0
Jaya Hidayat,job_5,0
Jaya Purnama,job_4,0
Jaya Purnama,job_9,1
Kirana Santoso,job_7,0
Kirana Santoso,job_9,0
Kirana Wibowo,job_9,0
Kirana Wibowo,job_6,1
Kirana Utami,job_4,1
Kirana Utami,job_3,1
Kirana Saputra,job_9,0
Kirana Saputra,job_4,0
Kirana Wijaya,job_6,0
Kirana Wijaya,job_4,1
Kirana Halim,job_9,0
Kirana Halim,job_0,1
Kirana Ramadhan,job_8,1
Kirana Ramadhan,job_9,1
Kirana Hernawan,job_0,0
Kirana Hernawan,job_8,0
Kirana Fauzi,job_5,1
Kirana Fauzi,job_2,1
Kirana Permata,job_9,0
Kirana Permata,job_6,1
Kirana Suryanto,job_4,1
Kirana Suryanto,job_2,1
Kirana Prabowo,job_8,1
Kirana Prabowo,job_9,0
Kirana Sihombing,job_9,0
Kirana Sihombing,job_7,1
Kirana Gunawan,job_8,0
Kirana Gunawan,job_5,0
Kirana Lestari,job_5,0
Kirana Lestari,job_9,1
Kirana Nugroho,job_8,0
Kirana Nugroho,job_1,1
Kirana Siregar,job_2,1
Kirana Siregar,job_1,1
Kirana Yulianto,job_8,0
Kirana Yulianto,job_1,1
Kirana Kusuma,job_8,0
Kirana Kusuma,job_3,0
Kirana Hidayat,job_7,1
Kirana Hidayat,job_1,0
Kirana Purnama,job_9,1
Kirana Purnama,job_8,0
Kirana aditya,job_5,0
Kirana aditya,job_1,0
Kirana Prasetyo,job_3,0
Kirana Prasetyo,job_6,0
Kirana Sutrisno,job_8,0
Kirana Sutrisno,job_6,1
Kirana Wulandari,job_2,0
Kirana Wulandari,job_3,1
Kirana Siregar,job_8,0
Kirana Siregar,job_5,0
Kirana Haryanto,job_1,1
Kirana Haryanto,job_9,0
Kirana Larasati,job_7,1
Kirana Larasati,job_8,0
Kirana Prabuwono,job_5,0
Kirana Prabuwono,job_0,1
Kirana Kurniawan,job_9,0
Kirana Kurniawan,job_2,1
Kirana Sukmawati,job_9,1
Kirana Sukmawati,job_0,1
Kirana Wicaksono,job_6,1
Kirana Wicaksono,job_9,1
Kirana Sutanto,job_5,0
Kirana Sutanto,job_1,0
Kirana Wicaksono,job_8,0
Kirana Wicaksono,job_9,0
Kirana Prabowo,job_7,0
Kirana Prabowo,job_0,0
Kirana Haryanto,job_3,0
Kirana Haryanto,job_2,1
Kirana Lestari,job_1,1
Kirana Lestari,job_9,0
Kirana Nugroho,job_1,1
Kirana Nugroho,job_0,0
Kirana Siregar,job_2,1
Kirana Siregar,job_7,0
Kirana Yulianto,job_5,1
Kirana Yulianto,job_9,0
Kirana Kusuma,job_0,0
Kirana Kusuma,job_9,1
Kirana Hidayat,job_8,0
Kirana Hidayat,job_1,0
Kirana Purnama,job_0,1
Kirana Purnama,job_4,0
Lutfi Santoso,job_4,0
Lutfi Santoso,job_3,1
Lutfi Wibowo,job_1,0
Lutfi Wibowo,job_5,0
Lutfi Utami,job_8,1
Lutfi Utami,job_7,1
Lutfi Saputra,job_2,1
Lutfi Saputra,job_7,0
Lutfi Wijaya,job_8,0
Lutfi Wijaya,job_6,1
Lutfi Halim,job_3,0
Lutfi Halim,job_0,0
Lutfi Ramadhan,job_8,0
Lutfi Ramadhan,job_5,0
Lutfi Hernawan,job_6,1
Lutfi Hernawan,job_1,0
Lutfi Fauzi,job_7,1
Lutfi Fauzi,job_3,1
Lutfi Permata,job_6,1
Lutfi Permata,job_9,0
Lutfi Suryanto,job_2,1
Lutfi Suryanto,job_5,0
Lutfi Prabowo,job_1,1
Lutfi Prabowo,job_6,1
Lutfi Sihombing,job_9,0
Lutfi Sihombing,job_0,0
Lutfi Gunawan,job_3,1
Lutfi Gunawan,job_7,0
Lutfi Lestari,job_2,0
Lutfi Lestari,job_8,0
Lutfi Nugroho,job_6,1
Lutfi Nugroho,job_9,1
Lutfi Siregar,job_4,0
Lutfi Siregar,job_2,1
Lutfi Yulianto,job_4,1
Lutfi Yulianto,job_9,0
Lutfi Kusuma,job_6,1
Lutfi Kusuma,job_1,1
Lutfi Hidayat,job_7,0
Lutfi Hidayat,job_5,1
Lutfi Purnama,job_8,1
Lutfi Purnama,job_4,1
Lutfi aditya,job_5,1
Lutfi aditya,job_1,0
Lutfi Prasetyo,job_8,1
Lutfi Prasetyo,job_0,0
Lutfi Sutrisno,job_0,1
Lutfi Sutrisno,job_4,1
Lutfi Wulandari,job_6,0
Lutfi Wulandari,job_2,1
Lutfi Siregar,job_1,0
Lutfi Siregar,job_4,0
Lutfi Haryanto,job_7,0
Lutfi Haryanto,job_1,1
Lutfi Larasati,job_9,0
Lutfi Larasati,job_5,0
Lutfi Prabuwono,job_9,0
Lutfi Prabuwono,job_6,1
Lutfi Kurniawan,job_7,1
Lutfi Kurniawan,job_6,0
Lutfi Sukmawati,job_9,1
Lutfi Sukmawati,job_0,1
Lutfi Wicaksono,job_8,0
Lutfi Wicaksono,job_4,1
Lutfi Sutanto,job_4,0
Lutfi Sutanto,job_5,1
Lutfi Wicaksono,job_3,1
Lutfi Wicaksono,job_5,0
Lutfi Prabowo,job_2,1
Lutfi Prabowo,job_7,1
Lutfi Haryanto,job_3,0
Lutfi Haryanto,job_0,0
Lutfi Lestari,job_8,0
Lutfi Lestari,job_9,0
Lutfi Nugroho,job_6,0
Lutfi Nugroho,job_4,0
Lutfi Siregar,job_0,1
Lutfi Siregar,job_3,1
Lutfi Yulianto,job_8,0
Lutfi Yulianto,job_9,0
Lutfi Kusuma,job_3,1
Lutfi Kusuma,job_8,1
Lutfi Hidayat,job_5,1
Lutfi Hidayat,job_8,1
Lutfi Purnama,job_6,1
Lutfi Purnama,job_4,1
Maya Santoso,job_4,1
Maya Santoso,job_1,1
Maya Wibowo,job_0,0
Maya Wibowo,job_1,1
Maya Utami,job_8,0
Maya Utami,job_6,1
Maya Saputra,job_2,1
Maya Saputra,job_6,1
Maya Wijaya,job_2,0
Maya Wijaya,job_0,1
Maya Halim,job_2,0
Maya Halim,job_3,0
Maya Ramadhan,job_5,0
Maya Ramadhan,job_7,1
Maya Hernawan,job_4,1
Maya Hernawan,job_1,0
Maya Fauzi,job_7,1
Maya Fauzi,job_4,1
Maya Permata,job_4,0
Maya Permata,job_5,1
Maya Suryanto,job_8,1
Maya Suryanto,job_1,0
Maya Prabowo,job_9,1
Maya Prabowo,job_4,0
Maya Sihombing,job_2,0
Maya Sihombing,job_9,1
Maya Gunawan,job_7,1
Maya Gunawan,job_0,1
Maya Lestari,job_7,1
Maya Lestari,job_2,0
Maya Nugroho,job_9,1
Maya Nugroho,job_6,1
Maya Siregar,job_1,0
Maya Siregar,job_7,1
Maya Yulianto,job_2,1
Maya Yulianto,job_4,0
Maya Kusuma,job_3,0
Maya Kusuma,job_2,1
Maya Hidayat,job_9,1
Maya Hidayat,job_0,1
Maya Purnama,job_8,1
Maya Purnama,job_6,1
Maya aditya,job_0,1
Maya aditya,job_7,0
Maya Prasetyo,job_7,1
Maya Prasetyo,job_2,0
Maya Sutrisno,job_0,0
Maya Sutrisno,job_9,0
Maya Wulandari,job_3,0
Maya Wulandari,job_6,0
Maya Siregar,job_2,1
Maya Siregar,job_1,1
Maya Haryanto,job_8,1
Maya Haryanto,job_0,1
Maya Larasati,job_9,1
Maya Larasati,job_5,1
Maya Prabuwono,job_3,1
Maya Prabuwono,job_2,0
Maya Kurniawan,job_0,0
Maya Kurniawan,job_9,1
Maya Sukmawati,job_7,1
Maya Sukmawati,job_1,0
Maya Wicaksono,job_7,1
Maya Wicaksono,job_2,1
Maya Sutanto,job_8,1
Maya Sutanto,job_6,0
Maya Wicaksono,job_7,0
Maya Wicaksono,job_1,0
Maya Prabowo,job_2,1
Maya Prabowo,job_1,0
Maya Haryanto,job_5,0
Maya Haryanto,job_4,0
Maya Lestari,job_7,1
Maya Lestari,job_1,1
Maya Nugroho,job_1,0
Maya Nugroho,job_7,1
Maya Siregar,job_4,1
Maya Siregar,job_3,0
Maya Yulianto,job_2,0
Maya Yulianto,job_3,1
Maya Kusuma,job_2,1
Maya Kusuma,job_9,1
Maya Hidayat,job_6,1
Maya Hidayat,job_0,1
Maya Purnama,job_9,0
Maya Purnama,job_4,1
Nanda Santoso,job_0,1
Nanda Santoso,job_4,0
Nanda Wibowo,job_7,1
Nanda Wibowo,job_2,1
Nanda Utami,job_2,0
Nanda Utami,job_6,1
Nanda Saputra,job_1,0
Nanda Saputra,job_3,0
Nanda Wijaya,job_1,0
Nanda Wijaya,job_7,1
Nanda Halim,job_8,0
Nanda Halim,job_0,0
Nanda Ramadhan,job_4,0
Nanda Ramadhan,job_5,1
Nanda Hernawan,job_8,1
Nanda Hernawan,job_5,1
Nanda Fauzi,job_1,0
Nanda Fauzi,job_9,1
Nanda Permata,job_8,1
Nanda Permata,job_1,0
Nanda Suryanto,job_6,0
Nanda Suryanto,job_4,0
Nanda Prabowo,job_6,0
Nanda Prabowo,job_4,1
Nanda Sihombing,job_8,1
Nanda Sihombing,job_6,0
Nanda Gunawan,job_0,1
Nanda Gunawan,job_9,1
Nanda Lestari,job_7,1
Nanda Lestari,job_4,1
Nanda Nugroho,job_7,0
Nanda Nugroho,job_8,0
Nanda Siregar,job_1,0
Nanda Siregar,job_0,0
Nanda Yulianto,job_9,1
Nanda Yulianto,job_2,1
Nanda Kusuma,job_0,0
Nanda Kusuma,job_6,1
Nanda Hidayat,job_8,1
Nanda Hidayat,job_3,0
Nanda Purnama,job_2,0
Nanda Purnama,job_3,0
Nanda aditya,job_4,1
Nanda aditya,job_8,0
Nanda Prasetyo,job_7,1
Nanda Prasetyo,job_0,1
Nanda Sutrisno,job_9,0
Nanda Sutrisno,job_8,1
Nanda Wulandari,job_2,0
Nanda Wulandari,job_9,1
Nanda Siregar,job_1,1
Nanda Siregar,job_2,0
Nanda Haryanto,job_2,1
Nanda Haryanto,job_0,1
Nanda Larasati,job_3,1
Nanda Larasati,job_9,1
Nanda Prabuwono,job_8,1
Nanda Prabuwono,job_9,0
Nanda Kurniawan,job_6,1
Nanda Kurniawan,job_7,1
Nanda Sukmawati,job_0,1
Nanda Sukmawati,job_9,0
Nanda Wicaksono,job_9,1
Nanda Wicaksono,job_1,1
Nanda Sutanto,job_0,1
Nanda Sutanto,job_9,0
Nanda Wicaksono,job_1,1
Nanda Wicaksono,job_6,1
Nanda Prabowo,job_2,1
Nanda Prabowo,job_3,0
Nanda Haryanto,job_7,0
Nanda Haryanto,job_8,1
Nanda Lestari,job_7,1
Nanda Lestari,job_0,0
Nanda Nugroho,job_5,1
Nanda Nugroho,job_4,0
Nanda Siregar,job_1,0
Nanda Siregar,job_8,0
Nanda Yulianto,job_6,1
Nanda Yulianto,job_3,1
Nanda Kusuma,job_9,1
Nanda Kusuma,job_8,1
Nanda Hidayat,job_6,0
Nanda Hidayat,job_1,0
Nanda Purnama,job_3,1
Nanda Purnama,job_7,1
Omar Santoso,job_1,1
Omar Santoso,job_5,0
Omar Wibowo,job_5,1
Omar Wibowo,job_4,1
Omar Utami,job_9,1
Omar Utami,job_4,1
Omar Saputra,job_4,1
Omar Saputra,job_0,1
Omar Wijaya,job_3,1
Omar Wijaya,job_4,1
Omar Halim,job_5,0
Omar Halim,job_6,0
Omar Ramadhan,job_4,0
Omar Ramadhan,job_9,0
Omar Hernawan,job_6,0
Omar Hernawan,job_9,0
Omar Fauzi,job_1,0
Omar Fauzi,job_0,1
Omar Permata,job_0,0
Omar Permata,job_2,0
Omar Suryanto,job_1,1
Omar Suryanto,job_8,1
Omar Prabowo,job_3,1
Omar Prabowo,job_8,0
Omar Sihombing,job_4,1
Omar Sihombing,job_0,0
Omar Gunawan,job_2,0
Omar Gunawan,job_0,1
Omar Lestari,job_1,1
Omar Lestari,job_7,1
Omar Nugroho,job_2,1
Omar Nugroho,job_7,0
Omar Siregar,job_3,1
Omar Siregar,job_6,1
Omar Yulianto,job_3,0
Omar Yulianto,job_5,1
Omar Kusuma,job_4,1
Omar Kusuma,job_1,1
Omar Hidayat,job_8,0
Omar Hidayat,job_2,1
Omar Purnama,job_8,0
Omar Purnama,job_1,0
Omar aditya,job_2,1
Omar aditya,job_5,1
Omar Prasetyo,job_6,0
Omar Prasetyo,job_1,1
Omar Sutrisno,job_9,1
Omar Sutrisno,job_2,1
Omar Wulandari,job_6,1
Omar Wulandari,job_0,1
Omar Siregar,job_3,1
Omar Siregar,job_8,1
Omar Haryanto,job_1,1
Omar Haryanto,job_2,0
Omar Larasati,job_9,1
Omar Larasati,job_6,1
Omar Prabuwono,job_0,0
Omar Prabuwono,job_4,0
Omar Kurniawan,job_0,0
Omar Kurniawan,job_7,0
Omar Sukmawati,job_5,0
Omar Sukmawati,job_3,0
Omar Wicaksono,job_4,1
Omar Wicaksono,job_9,1
Omar Sutanto,job_4,0
Omar Sutanto,job_2,0
Omar Wicaksono,job_6,0
Omar Wicaksono,job_3,1
Omar Prabowo,job_0,0
Omar Prabowo,job_1,1
Omar Haryanto,job_0,1
Omar Haryanto,job_5,0
Omar Lestari,job_3,1
Omar Lestari,job_4,1
Omar Nugroho,job_3,1
Omar Nugroho,job_5,1
Omar Siregar,job_7,1
Omar Siregar,job_6,1
Omar Yulianto,job_5,1
Omar Yulianto,job_1,1
Omar Kusuma,job_7,1
Omar Kusuma,job_2,0
Omar Hidayat,job_8,0
Omar Hidayat,job_6,0
Omar Purnama,job_6,0
Omar Purnama,job_5,0
Puti Santoso,job_2,1
Puti Santoso,job_9,1
Puti Wibowo,job_9,0
Puti Wibowo,job_7,0
Puti Utami,job_8,0
Puti Utami,job_7,0
Puti Saputra,job_9,0
Puti Saputra,job_4,0
Puti Wijaya,job_2,0
Puti Wijaya,job_0,1
Puti Halim,job_0,0
Puti Halim,job_6,1
Puti Ramadhan,job_8,1
Puti Ramadhan,job_4,0
Puti Hernawan,job_4,1
Puti Hernawan,job_2,1
Puti Fauzi,job_4,1
Puti Fauzi,job_3,1
Puti Permata,job_6,1
Puti Permata,job_9,0
Puti Suryanto,job_2,1
Puti Suryanto,job_1,0
Puti Prabowo,job_4,1
Puti Prabowo,job_5,1
Puti Sihombing,job_2,0
Puti Sihombing,job_0,0
Puti Gunawan,job_4,0
Puti Gunawan,job_9,1
Puti Lestari,job_1,0
Puti Lestari,job_9,0
Puti Nugroho,job_3,1
Puti Nugroho,job_8,0
Puti Siregar,job_7,1
Puti Siregar,job_3,0
Puti Yulianto,job_3,1
Puti Yulianto,job_4,1
Puti Kusuma,job_4,0
Puti Kusuma,job_8,0
Puti Hidayat,job_2,0
Puti Hidayat,job_1,1
Puti Purnama,job_6,1
Puti Purnama,job_8,1
Puti aditya,job_4,1
Puti aditya,job_0,1
Puti Prasetyo,job_1,1
Puti Prasetyo,job_0,1
Puti Sutrisno,job_5,1
Puti Sutrisno,job_4,0
Puti Wulandari,job_1,1
Puti Wulandari,job_2,1
Puti Siregar,job_6,1
Puti Siregar,job_0,0
Puti Haryanto,job_8,1
Puti Haryanto,job_6,0
Puti Larasati,job_7,1
Puti Larasati,job_2,0
Puti Prabuwono,job_8,1
Puti Prabuwono,job_6,1
Puti Kurniawan,job_2,0
Puti Kurniawan,job_0,1
Puti Sukmawati,job_9,0
Puti Sukmawati,job_7,0
Puti Wicaksono,job_9,1
Puti Wicaksono,job_0,0
Puti Sutanto,job_0,1
Puti Sutanto,job_9,0
Puti Wicaksono,job_7,1
Puti Wicaksono,job_1,0
Puti Prabowo,job_7,0
Puti Prabowo,job_1,1
Puti Haryanto,job_8,1
Puti Haryanto,job_6,1
Puti Lestari,job_6,1
Puti Lestari,job_2,0
Puti Nugroho,job_9,0
Puti Nugroho,job_0,1
Puti Siregar,job_9,0
Puti Siregar,job_4,0
Puti Yulianto,job_8,0
Puti Yulianto,job_5,0
Puti Kusuma,job_1,1
Puti Kusuma,job_9,1
Puti Hidayat,job_3,1
Puti Hidayat,job_5,0
Puti Purnama,job_0,0
Puti Purnama,job_7,1
